-- phpMyAdmin SQL Dump
-- version 4.6.4
-- https://www.phpmyadmin.net/
--
-- Host: 127.0.0.1
-- Generation Time: Oct 21, 2017 at 12:31 PM
-- Server version: 5.7.14
-- PHP Version: 5.6.25

SET SQL_MODE = "NO_AUTO_VALUE_ON_ZERO";
SET time_zone = "+00:00";


/*!40101 SET @OLD_CHARACTER_SET_CLIENT=@@CHARACTER_SET_CLIENT */;
/*!40101 SET @OLD_CHARACTER_SET_RESULTS=@@CHARACTER_SET_RESULTS */;
/*!40101 SET @OLD_COLLATION_CONNECTION=@@COLLATION_CONNECTION */;
/*!40101 SET NAMES utf8mb4 */;

--
-- Database: `sms2`
--

-- --------------------------------------------------------

--
-- Table structure for table `activity_log`
--

CREATE TABLE `activity_log` (
  `activity_log_id` int(11) NOT NULL,
  `username` varchar(50) CHARACTER SET latin1 NOT NULL,
  `date` varchar(25) CHARACTER SET latin1 NOT NULL,
  `action` varchar(50) CHARACTER SET latin1 NOT NULL
) ENGINE=InnoDB DEFAULT CHARSET=utf8;

--
-- Dumping data for table `activity_log`
--

INSERT INTO `activity_log` (`activity_log_id`, `username`, `date`, `action`) VALUES
(1, 'noel.titus', '2016-10-24 09:12:05', 'Add Class Form 6'),
(2, 'noel.titus', '2016-10-24 09:12:58', 'Edit Class Form 6'),
(3, 'noel.titus', '2016-10-24 09:15:07', 'Add Student aaa bbb'),
(4, 'noel.titus', '2016-10-24 09:15:36', 'Updated Student aaa bbb'),
(5, 'noel.titus', '2016-10-24 09:17:50', 'Add Student buel bol'),
(6, 'noel.titus', '2016-10-24 09:23:17', 'Add User abdul.hemedy');

-- --------------------------------------------------------

--
-- Table structure for table `admin`
--

CREATE TABLE `admin` (
  `admin_id` int(128) NOT NULL,
  `fname` varchar(128) CHARACTER SET latin1 NOT NULL,
  `lname` varchar(128) CHARACTER SET latin1 NOT NULL,
  `username` varchar(128) CHARACTER SET latin1 NOT NULL,
  `password` varchar(128) CHARACTER SET latin1 NOT NULL,
  `email` varchar(100) CHARACTER SET latin1 NOT NULL,
  `role` varchar(50) NOT NULL
) ENGINE=InnoDB DEFAULT CHARSET=utf8;

--
-- Dumping data for table `admin`
--

INSERT INTO `admin` (`admin_id`, `fname`, `lname`, `username`, `password`, `email`, `role`) VALUES
(1, 'waqas', 'yaqoob', 'waqas', 'waqas', 'aberdareinstitute14@gmail.com', 'tutor'),
(2, 'Armando', 'Langido', 'loading', '93', 'xmas@gmail.com', 'tutor'),
(32, 'John', 'Muthama', 'john', 'john', 'johnmuthama38@gmail.com', 'adm'),
(33, 'david', 'muya', 'david', 'john', 'mugomuya@gmail.com', 'tutor'),
(34, 'joy', 'njoroge', 'joy', '123456', 'joymoinket@gmail.com', 'tutor');

-- --------------------------------------------------------

--
-- Table structure for table `alumni`
--

CREATE TABLE `alumni` (
  `student_id` int(11) NOT NULL,
  `sirname` varchar(50) CHARACTER SET latin1 NOT NULL,
  `firstname` varchar(50) CHARACTER SET latin1 NOT NULL,
  `lastname` varchar(50) CHARACTER SET latin1 NOT NULL,
  `idno` varchar(50) CHARACTER SET latin1 NOT NULL,
  `dateofbirth` varchar(50) CHARACTER SET latin1 NOT NULL,
  `gender` varchar(10) CHARACTER SET latin1 NOT NULL,
  `country_id` int(20) NOT NULL,
  `county_id` int(50) NOT NULL,
  `constituency_id` int(50) NOT NULL,
  `mobile` varchar(50) CHARACTER SET latin1 NOT NULL,
  `email` varchar(50) CHARACTER SET latin1 NOT NULL,
  `address` varchar(50) CHARACTER SET latin1 NOT NULL,
  `zipcode` varchar(50) CHARACTER SET latin1 NOT NULL,
  `course_id` int(50) NOT NULL,
  `intake_id` int(10) NOT NULL,
  `reg_date` varchar(50) CHARACTER SET latin1 NOT NULL,
  `feepayable` int(11) NOT NULL
) ENGINE=InnoDB DEFAULT CHARSET=utf8;

-- --------------------------------------------------------

--
-- Table structure for table `companyinfo`
--

CREATE TABLE `companyinfo` (
  `auto` int(11) NOT NULL,
  `cname` varchar(50) CHARACTER SET latin1 NOT NULL,
  `cemail` varchar(50) CHARACTER SET latin1 NOT NULL,
  `ccontact` varchar(50) CHARACTER SET latin1 NOT NULL,
  `clocation` varchar(50) CHARACTER SET latin1 NOT NULL,
  `clogo` longblob NOT NULL
) ENGINE=InnoDB DEFAULT CHARSET=utf8;

--
-- Dumping data for table `companyinfo`
--

INSERT INTO `companyinfo` (`auto`, `cname`, `cemail`, `ccontact`, `clocation`, `clogo`) VALUES
(1, 'Kiwanja Secondary School', 'kiwanja@gmail.com', '+254705016714', 'Kiwanja, Kahawa west', 0x6956424f5277304b47676f414141414e5355684555674141414649414141425343415941414144484c494f624141424351556c455156523432755738425668562b37622b762b6747453773444537744673524e7043536b4a4155464151424155454a46516b65354f36653775546c47785562473764527562397a2f6d417339786e3350754f666663337a32332f764e35786a4f58374d31616333376d4f385a347833664f42597631333742564f6247455835396e4c666a7377314a2f35384e797665664b6b584864696275747835626e58726374372b7332613736336a525a3837787150387231725063623374733247393032374c57392f78306d65726c35483776793770316c6e6e35356c48586a7078707154363851535a50332f5a584e79596e477a775155495754337a45792b2f643248536d343554453146714d684b70423457526f436d4761485578524b6f50513854503042694b41304f684f517952464445365972696f4c34704d5932465557416d69785937335a593854582f6b3956303672352b36736d66525a6e502f6e41463578596f3334364d7472387a5a3077755737666f752b743578646a324c486a63693058596330717856494f53714a4a4a4e705344515968695144456151616953434441475565466b61577965412b30315159476651366a56366e47497367365a41494567686b6a433642317832476342304366484159457656465547676d2b4c58566a7539796e7976727950384a70643531596f333947437832396d6e6f776865586733656a326b735a686537797948505a68667a5447314634656a574b6e5a65697a476b2b7975316d6f384b4731486c59454a556d677167324555444e7a7a436c4f434b414b6f704b4d7747556d7775693145775178575a43794b50494d6846434b6f46506f67735171792b47634f3168434e4551513579324b49704d425a34313258423764446d786876327641386a5576673942773930657836782b33784f726a627249777967504f496879483256552b657846726663323148744b6f666e73537253344c6b4c6236546c6f64357942547363703644772b484e3157764f696875477a4e69797457505053617770494833556435305758426930357a587253613861474a6f743663483955574250656f4149715043694b66494763654961696b32706944596769695568476d4c6f70734938473344585a385a364f6457507a2f4b32726732334d733565637879353965537a464657356f5447684b4f6f53484b41493368616d674a6b554e6e3443356338742b45487439313650565a6a70735846754c5742516e63385a794b766e4d54634e64394e4f343463654f754d3857706f61422f397a6c534f48446a7a676c75334c626a7871336a334c68786a42753946417a6f546b74654e466e796f63365348785857424a58715a753552557570684563547069694a515451776871714c494d524a34306d7a4455766f66573050376e566a6a5030524f792b394c30522b345575694c7a687850744b66616f535052474e32785772675371344c654b466e636a4e694a766e427039496576785950515a58675573684350676954774d4741714876704e77434e666354772b7a342b6e357a6a7837437746375a3936634c4c2f2f5a542b2f64696445342f4f634f4742437866756e2b49697546782f676e76646d7073557a4531516564426f785963716133365557676b676a31544b7048364d746868386c635551705348796535556c6638454e4a39616f2f31455150337178746a364a6b333536733967623132735330567361694a35734231784a50594a72796671346c61534a65306e4b65484252426f3853747546786e445365784b37427335696c65423639454338695a2b4e4e31445338695a6941397848696542387368493942485067557a494850495253302f785134474f393957586a6e7a6349624c7736383875544163344c377849305444776e73335a4e637547334468527345744a656978356f487a565165716e38426d6d516f6768424b6456386c4d6154704354347073574a742b352b517970776667306459335576562b3937586d49363762586d345652324f36336d6e6344504c436e315a4a756a503073586a62485538793154457333515a50452f5a6a68664a472f41366554586570537a46682b54352b4a513043353854702b4a4c776e6a3846692b4f727a45692b42374a77753878763054305944412f2f78374f776a654b723245736641706934614d2f4332384a3771767a48486836686850395471525365774a7179343172464f524c3057544c69306f62666e624b5a783457516a5131496d2b4347586c412b47757833516a482f303649764b386a706b54657a543831384c436e476f2b765675467566517875463772676270346448755262346d6d2b4d5a376e362b4a46726870655a43766964655a65764d3359676f2f5a472f41356378572b7043334662366e7a385456314e72366e544d583370416e34666e454d76696549346e7655454c7866495034426174536639313944575067535445414457506a6778384a725575717a4d787a6f642b54456e654d453149596256796b36435769394c522f4b7159626d5539645030425742503657366e374c6f37306e3641736e2f3558575438576176492b626b33793050774e4d627258683271786e336d2b4a787438674e2f55564f654670736935636c466e685a61496958425470345536434764376e792b4a532f42312f7974754b336e4133346d72306133374b57346e766d416e78504a354370302f413965534b424845736778515a422f6751584f7851786631756c5036462b4a34582b526c412f4d55424a6f612f50737644556851503337546c783035614c335a677555354e714f54366f7a694c7138736b47776768534559575867696a6964455171475948386c3046384553565a664c387542692f76586362722f6b7434324a71452f724c7a654654716968666c6a6e685a5a6b4d676a2b4231385347384c6462437832495666433653783565433366694e5148374c6c634b336e454751587a4d5734477536424b6c7947723453794b3845386d7538474c34794b637a4169666d4c69503433496d6f6f496763562b6a6c6f554a31767a7250773349304444306d6474306d6476565a6375457a71374c446a516130743155354c616b514751676735494170506556474571516a582f6374684d76626d5a6354632f50743173586a393444726550626d4a7878337065466a7567796556352f4369366a5265564a7a45697a4a7276437731786473794137777631635348347633345743694c7a345737385a6c416673715277716573316669557351516630785a517a4d4848354f6e34654845695069614f785165716b52386953466c52667963692f30597776304f313831506f594877494a4a44556e4634517a4564754c4e7831344d424e47303563747554434a5770474856512f36796a5679796a563034774970706f4950475846454b6f75557630765333506d6a64394754516d2f56784f424e34397634634f4c653368364b51655071674c78744d6f4c4c36726438614c794649556458705a62346c585a5962777530635762596e57384c564c474f774c354e6e385833755a75775a74734b62796847766b6d66536e65704337453678514a764536616874654a452f45715953786578676a684a51463548666b5049754b584342754d56307751784664554d312b524b6c2b514b7039516d6a2b694e4c2f7679694b37784545316b784f586a6e4b5238522b45535561643754305a6d4d46736d4f5137566355792f7955675034654b48723166646d486739634d622b50546d4d5a35664c63486a32684138722f484879317050327276696161556a6e70586234486d5a475a3456472b4a5a345545387936654f6e5563644f3063477a374a32346d6e475a6a784e5859386e795376784f476b4a48696375774b4f34325254543843686d416835476a55462f4d423865456f692f4730462f6a416342767752313851634538414770735a386733764d6b674f645975454d67627a717863503045433165744f636e494530784c70676c786f3548715a686c5a70475239495154755a385038335664443750782f4b6b5171334a76765a356c2b66336e2f436a362f6534355874787677704434434c2b7143386172656830423634477257425253454636453073687a466f61556f43436843766b38426373376e4938736a42786b75575568317a4544796954526374456c42764655535973305345583034447047485968436848344e517253674571496244537959516e727344426d4d587855352f6e4e2f756a334d555a37663577574f4c443977322b3842316b7a664f554c68495838437044656667744d45446a75766463574b744b3436766359484e4b6d6363572b6b457978554f4d467432416f635832384241306878616377337074525375482b4e6770336b5070666b6c6532343032664f686d4d624e68494e43314d314663554665394e7670666277612f326b5479364f3472632b66336d6a473537665038505a424435343078654a46517968654e354961367a304a7069737570586d6a702b594f376e552f77614e724c39462f3651556539727a4133645a6e754e2f354850646f33396630464865626e2b46362b535063716e6d436132555063625071455470542b3942623949424d2f44324b6672516e337347563741646f6962364672745337614932376a6262343232694f75636d4f6876416261496d2f6864725158745246394b49793844494b7a6e53674b76514b696a3037556572666a567933567553344e69506272526d4a566a556f447535416d463452557431713453616243454e4a566478305a4a4858354b427069426f5164665275676c6c504d50504e4242436a49775276525648344b49712b3874575a5075762f75626d38435a326333392b5367513876482b4444387a343862552f42382f6f7776476b4d784f734762377975643866724f6d6430702f6a6953753164334f3138686b645858374c683958633952312f7a552f545436373747703768643934514d2b7850637148784d41422b7a3464306f4935424a6662695330382b473170313544793078743947646568384e7754665252712b6249322b6849655147366f4f766f7a5757586f64645232506b54565437583056392b485755652f5767774a4641426c31476f55636e536e77366b576e66524442626b484b73446a454735636a326145624d6b584c45575a66687247774b44426471342f5a70536e6c4b396473457339656159464b4b64394b3457555064504d7459414f4871776a685039664b43736c6a542f31507a2b657a4c326e386e78345a64467a2b2b656f686e50586c34316b444e706a45453735723861483865622b70644b427a526b65434e71375833306466326a41337664675042716e334d5674794e696f647339665557506353562f4835637965764870617a37704f4c37364571356934364c465046396149322b6a635a6741755a2f4177312b4e31486e63774f3158746452652f346171732f326f7371394678566e727144637551656c54706451654b496242586164794c4e705134356c4b7a4c4e6d35463270424570787656495046534c654c30716d712f4c456146525170323443414837382b476e6d494f7a65314e684f503851377268544861567566742b5a367167644a3634656f32374f574b4f54504754612b5a476b4a3067655577546e714636656b6857782f51394262485a69695436495750583838625536556d4d2f5874797377655036634c79696c48376236496633545266777674454e3778744f3457326450647269764e466232342b2b466f4c592b41533336352f675a76566a5574386a67766749766355506362587741533454784a3473696f782b4e736a757048766f54475241336b564c4249454d756f456d66314b647a79335565784e4d5434707a3131486a635131567274645136584956356163756f3953684230583242504a344a2f4b50645344587367325a523171515a6b77674452747755622b57616c30316f6a55726141776b6b43724643464971674b3938446a786c4d6d413031356a64684a3551504b5647394d53466d68455a3938756b7a457432334769323530572b4f5439694e41575a394d5946575a46586b6d4f4578662f3542685049373336377a4964746456376637384c6a3568684b36524338626644487538594c2b4e6a6b686b394e702f436838535465316835446134776e726c62642f7a5045476f4a594e516a7857736d6747712f6d6b794a7a71425a6d446f4c7353626d4853306c33304a31774735327874394553516944396271484a377a6161664f6931463848304a49576575345a6164344c70656831567a71524b7079736f4f396d44456a754361644f46416d73436164614f4c4e4e575a4267336b634675524a49756764537552737942536b53716c694a557551524243675877323563447231325a424e49553937334972464e6e663057642f535842664f5138614931366d4870356b6876564e6e78494e785241364146686e4e306e436a6435735a522f757345386a4e6e303866473165727835314976486e576c34556874453964436651463467654f3734306e49616e357363384b4842467539716a36493179674f58792b39525376385a49744e557270554f51537967794831415461516631374f75344646754e7434576e4b477830517966386b7a77507373494c7936657870326f644851476471485a2b7734614c397842623241682b734a69554f64474946304935436c714c6f355855575a4871725474516645785571554670666552446d5162747948446f426b706567314931716c446f6b594e5974554970456f707768514a70437942334a4d4c7a78325a4d4a6c7278725a474c386d3076364e6756705665554b7266732b66414e527671354b544b646b7278516e4d2b784f734b776c394a464f347977702b30704d516c2f393067507758775862685454696237626a65655869334641344c3476495a71596f306e3374563734464f6a4d33357263634358707550343147434a7439576d6c4a597575465453523358783061415366344859572f4149562f4d596b5066787143675876315564776f39715a667857635a434d75674e655a58766762635a52664d6d51785543574649324d4d6e695265425a336f354c774b566b4444364b4355482f6d4a6d716462364447675743653645585a63564c6c7363736f73714261616461462f4d4f647944596b52656f3349315748464b6c5a6877523141716c536853696c636f544a553272764c595466726a7863324a714a492f4e4d38444351673233615034514d4c6e6938706a522f504a546950515354735553314e506d6b552b4f4a4946563679496a436361396f4c6948367834324857657838456233387a663375596a7935586f503731467765562f6e67565255316c687033664b414f2f61585a41642b616a2b4f3342697438716a504475796f6a744961665245667572623953596d2f2b6f424b76556b6f2f4b3076456a775a56436d55793639473463764547756d50756f54336b4c746f432b74424a546159764f6f754171684851395254724d4a4335466738695131447654434164434f534a36366738336b764e3441724e795a645262453467546275515a30676739516d6b446f48554a4a4148434b514b67565371516f52384f554a6c53684334697853354978666e4e6d5841664c344248704553333949453957466f73654d6a6f30716167507164534a57324445785370543050436b69566354714338434e566e743474386e37644e4a624550775435785a64313645364f46666f76562b422b617a4c755633726857635535764b7030786473715a337973643844584a6c743862374c453134596a2b465272684c6556756d69507345564c326e56533473384f2f5941674573413842754a4439426558346b666266676f3550436c4f784b5745666e54486b75574a36456448304432302b68424d48344a366752715154792f657044686949486344426d677566786764675872483236672f53544474627144616c70714f4a61573347666c476b783455476e556a7a3641544f627274794e4369686e4f6743636d7139556851716b574d484b5832336a4b4537533542384935432b4734686b4273795955583235326e77494d6950424a4a5a4a506c432b37632b31486a4f7348444c64716a786b4371726a7045716a5162746b4f746555646a7548683541714c6a2b376a7a39506d7879363832614b4f712b6162685436594d48705452446c3533476d2f4a5465463931456c2f71626643743453682b4e42374231337044664b72577739734b4c585247484546642f4a5768786b4c77474a755438344274724b396d3363586e466c5038364a4c4635315a39584532367859625948546b4973633250414872645237736e6d5848502b326a7a7549394f616a49664d6b77786b4c654278735a494e4a776b6b4d634a704d314e56466c64513455357062634a675451696b50715532726f455572734e36656f7453465670776b55465571526344614c33457368646c4e6f37535a4662432b477a4b52636561394e7859716b716e6f554d676d51574f3734783635714d4f6d6d386645474e353734444331646f6a4c78456a616546564a6c6a4f71684b54336b526e4e6775656f397769663662494a6b6236336569646e7937587074492f6938596430724f5545317a7873736942774a7068342b56317668615a344676395362345558384958327350346c4f6c4674365671654679394346556848535378656b663949706b734a6e47636a6e7a4157376e746542486a78782b584e6d4e74395367756d5049513059395147637767664d6a634b544344733848614439505944336f5a3237396144743948396544617646372f68594347595747347754536871595a537a4c6946705465706754533643704b4441696b626a667974536d3144354146556d3146716c496a6b75564a6b6674496b62737245624764464c6d314749485368664353796f4872696a536357534f483536485561416a696c36476c4f41626d5a344c372b674a3163444c724e3438507a754e643148694b6a2f496979554341664b55776e48614b664e753953486a2f76316b72503178676d66536b484d5856736c42634b334a445834456a6e6854593457582b4d6277747453526f5a6754794d48375548634c33756f50554e445477735677566230715563433165433456657a577966654a6b426d48312f304f4b51562b77764b3843503368333463583072506e53596f6f6671596e636f51664d6c694b54457a67734539647744676b68377434666f6343476f7a675430314631387a4462476f3567594e4e6e65516f76644662536561456572585373614c4e74526158514a70587255634c517649562b44464b6c47494a576f546972565535516a5954654233454531636d735a5171564c45434246494e666d347653535648684a3738517a41766d475148356d514d594e6776794e307673444e5a366e486f504c626c655a394b614a702f59594c39495038794e5355346a535777534755734e5343526e6633373668377a75687569506a4443376c75654e3633676e63793750424d36715872334c4e384b4845424c39564775497270664b33476d3338566e30416e387056384b35454553384c397546576f684b795861706f566961417a4e5353515a46436b5877664438707a384f50575a7679347377486662322f457a637736644a415332373337325141377a7a314570386444644a3268634b48587a6754546b634136334d504c644339387969486c5a787269573434637675647578342b637a66695774513266557558784c4e49476c357853554b7a566a4a7a3956434d5657744673466f747254696551734a4e4162716c43354b5a796847776f6766396141726b714677344c6b684379577771504365524c4176656536754e764d525145386775422f55693138795631385035544c4677663870557478796d397a59625357303445316c76453768417938622b35386e335a6138573774677733644758596b39656a68704e6c6a6d655a4a6d52504450476853422b6679306d46465a72345571474754325837386135594161384a347250633365684c3259746b753378636f6c6d354f3530696d5a6c614b424c4a572b6256344565664648376358343066443566683836324e754a72516950617a704d617a424d2f6a455546386847364b4c6d66616e33354166724b4b506b4d50413956532b4c31734d7a356d47654e684a41453656347a4c4c755734664c6f494e7a305438537257424e2f53312b4e4c306a62306e676c4169305569506b564a34393435597952757255484d4a674b35675253357468542b71776a6b696a7a597a4570416f74706939424f774a36474461356a766679344f553531385435626f4a5a6e31782b796d773846754f75326b796b494c53753944416a527143734e2b752b696e65564e4762695a30334838412b6371544e6138395541624e535364702f7258416a5452545045777a784c4e3066627a4b4f6f6750425a7234564b714f54795837535a324b37495861312f6c3738545237462f715335584170544147787072486f704e6d354b2b6b754f684e6f483363505862453076535463774739334b4c55664c6347504a7a4d70787547332b7a4e7850793856335766702f3346683444314774394e6a585047346739656c5a7a4851735251444c537678736351514e3379715357566b30412f66516233786264546f556350527559344b6a563655716c31476e57453148675662342f64552b703255425268496d6f386e667570493245534b6c4b7047784e6f79424b387568742f7966486775795948707043696b6169314571384e593350486e78744f51515a6876535931766d48526e466f5370657a386967393533676f4f614474564a556d57354a5339536a666870306847433832345262466b38327037512f66485a6f6c764f58487231515a706f6a44754b376f7447754a476b6a30644a4f6e684b68766831686a6f2b35424841416b57384c354c447931785a334d335177343263432b67747245532b565233697431544156533447625454716454437a632b78647445665250704969374234655643666778394e5a2b50466348443965447350416132454d7642694f743131367542375a52756e3547466376334d436e5a6b304d584a6d4c6761354665463130476c33557156744d3771484a7541384e686e64517030636764573667536f4d3674786f316d2f3258556168774351567948656831437362764b59765a4946384779534268413833616179735276716f4d6763754b34624f6b414f636b733645374b686a5777382f42553741413554364661413530526564354b647a784563627a6f4d475664575a306645783138703744344349773037317272486d5151585579536c73514c6a496955463078676c6c46482f34486b44317549384a716776585147476d49376e6764716e6d61654a53676871654a2b2f4571545148766375524a6d624b346c52754376756f65504768366a69664e372f43772b69327939336169614d304e6e46366269667151612b796c7237616f507252466b44634d37574d623776624157336a656159516662385477347a3050426a37795975436449415a6569654c3777786c345471622f59346336426d374d7845447648444c2b68394274647876745a76316f4e6232505a714f37614e547651353032676451675261706451376e79565a5171586b47524849475536554c4f376a6263636e6468712f4a643546596b724b65705a6d556c51705952794d5646384636516a37507a736e464178422b2b72416f6b73533668374d5156736e687663622f734658717a72364b5678744572352b626747515079504948385753644a6c5130454d7075785151634634433472416e3270346532456276776650475772382b5361796741394e4952726b386454783632342f6451744666413858673676552f666958655a754e5075547236796b44793136673737736c37675a2f774b585042346a6551635a344f56744f4c306d466958756e6578566e4c61513232674e756f4f326f4436306574394730316e3639345572654e7075676f486675436d344343596642743649594f443553417738476f754275784d78634773473261516c754f6254696f346a5a494f4d2b39466951497255493544617045694e573668527534464b3557736f5537694b596c6e71326e756f612b386b6b4676626b6275726c6944757871665964556859573448495a525549586c7743767757467544416e4436347a4d37466635417838754972677873716e6939424c3565554a656b4f66346e72736339784d656f35716e305a636452484545374a42393577483679514473736d4b47336c6d7645676b472b537049497a4430734d5950376e304439323777576e367254496654645148375564336c434a7578386a68516351655049765a69646455794e2b6c6230476c63776f36715a3756472f556866313850306c6433496d353541314b57747545693161427343795845475a57684b65675751622b4a5a6d596c782b7357477478756f734746396b3633305578787079415a583139502b6d75513979657851583772575973374d52566f503377667251616b786f4e3330615464682f6f447431476e65677656796a645149552f316352385a386a30394b4e68426b38336d446d524c7479467466544e616a4b5077572f774b4a4b7771525a686b4f514958464d4e374c716c785a6a5963706954446574352b784b77356a4642574c58773579754450516342484e534a315a53644b6c576879737279475a74757865456f4e35344872594a316b476b367a4a54634b7a4159626a7265794549357545587642783865336e66434a2f506c52504c744a7a3473393936506558786264345874784f324948486f52747866504954586958744148763071527778556365345a76544562656945536e4c327047317041663569363468662b4531704d2f72774d583974764253536d5576796a5a34333054397552756f50584d4e6461646f3730412f4f306b4e772f344f6d75327045586c323430586255667a2b664451476e6f334377454e476b5a4d7863484d4770546256794a366c6546586969693461425a7531535930484b4b3156794a417233304b56776e5755792f53695a44656c39513553342b5a7535473773514b5a5547314a584e794e4471704b363847596b72697847794877434e6263513532666d34505455644a695069594844456a6b456969596a69624d4c53527958454d66526758434f526e6978796e47616c594e674b524b527a2b4464527a62496b797732794e616a314c6e4e654a424344636450525167323238552b69496d4a4b524f2b6b583843575777752f6a37666453397166586252784c455674304f6b30522b3041632f44317546742f4771385456364a4a776e4c635846444c6e495739794a3959546453466e5169615634374c6b713049576c324b78496b616d43314d68673135362b6978763061652b3277787645617175304a706a32425055367174435759316e66515a4e6d485a717537754a7564686f4848597a445154326e644e3456417a69615138776a6b457572634b2f4335576850645668316f554c6d445769564b61336c714e444b553172757030657967744e354d46334e6a46374c5874694e7a6453745356744234754c6765563230646b6251714434477a692b45355052646e706d54416357497964495948776c6f6f464246636a516a6e724563775a7931434f576f5277577043444b73645962545055566d466830794e4a4a4150715850666452776346786d5178655938374d37747279614534397446766f34614e5571663845332f303553545a795438652f624a44616a7a336f614f674132344662515739774e57307a793641712b6a6c2b4c74786356346e69434a726e4f626b585041486e467a61784133757756784d78735250364d5a69644e61635846614730776c3342433276417a354270326f6f456d6b346a6842745356464d6e474d59466f537a4b4d4530344b55616461484a2b5765704d6278474c68486172784e61727775515632624c457733575a6d4f4e5753427050437831416774326c64514b3074704c554f325a2f63316c47366a7443614968644b586b4c655778734e565a4d6158747942354d52335051724939433873514d71735958744e79345434704577376a4c734a3258427855786477525050496951726c71454d5a5a6879444f617668526167647956434e345168437931566269356a6e4f515a4265672f6644377a6b4e6762546752676b704d6f303664774342504c6c543550647834385a5a456a374a502f6e4a58454d684a4a6e4e516332356a576a3357593162415374777a3363706e76704c346b5859664c794f6d34646e6358507749466f4374304a6e49587846444b4b6d31794e36616a326970745168616c49645973587234624e5648685a38696644694c5548736e486f55616c35437054577030766f36616f345354504e6271444f6e75646e304e68704e622b4844705832444550756d736458346f556b56503770586b50315a6a6f47327452686f326f4342326d3134474830524e58757079657969744e35473958457a7158456a7158466446334a5864534a7a476458487858524235396369576f4936396377532b45374c6838656b4c44694f533862787366477745492b477951776a416e326544544b4171784b2b6e4255347a31484d727056464f6b74776978704d6e2f6651505845433265387865494f4d73554374356f4d676d564578554630516a75516c78343866623050346c6c4d4d5075615362534345474b30524b48646552505076636a4c426b756a7a58496848766e50784c486732586b62507770506f4765674c6e5959386656554554696c46384f51716845386b727a613241534844697845745a59776d5631466f387032484a3474384736734d415853316b2b62576f7471734756576d3131426a516a4150333053744554576b593566772f6361385153577955336f75626b59566f63653545562f716c646c7148476a636a494761376668536f6f553668523555624b4730336b52704c55582b635130316d5a5755316b76626b623649494d367252387a73536f544f6f4334396d53424f794d4b7063536b344d5359526c714f696f536361694a41396d3868595430584979455245634e5967684d4b586f787865484355496d7553446c704f697545307737314f4e7650384c794634433255496753342f38476154544868464d6e446a526c707562653832664f6e655767644476555a706979444d666757615075626a754e5a38386d5154367a382f4155352b706542592b4257586d57784339326766686b366f524d3763656952736263463663446c676f44626d484671424d30517a6c437159344f6b4d50726d517476466830516c5441302b656e6f79394248306e6a57314377725963396c5654723355433753783335786c6d4436637a557863755336505773514c33536258516661384b3357686c533431594d56473348514f554f6442797151616e30465a53734a7a57757069617a6e4341754953557562454c6948464c694c4949346e54357a5567453878684e45385254596a30324531656859484234574369572b73306a58586f457761525555485a6d426b43555756434f7245444772427548433951686e4e634a4849426e68717a567731594d6264386c48336957517434645375396d5546456b673030796f52684c496b37744542695a506e6e796338444567426468314d6b315038474f5568686879545952516253654579326647346672704b626a6e4e686e585861656a39735175524f754549382b304858552b31396e6a332b574c4478457775526a6e75664c687638674548653443694275524333394a4335697a456e4742564f6c4c716b79646c3436504e6573517a5533715a545567576251467559753730653559696f4772425045793031775755546f7651632f704b7171467046695a473367514630657a4e674f526953336f4d6974463854705349674e785752657946685045655931496c4b6846314d774b6845776c69424d4c63486263454d545246306d4a73544164466759394954396f6a37624369516d75794e4e6468554c446858446e5430594d58794d36365678366f6836697a766b6d306c56623453325a6831685a4763716973626a6c77734a4e706d746263714c52684a714e4b585674592b7261716f4b7733534879646371554b645945634f5851714d6a46536a4d5165736c384d536a6257496a3937474358336541334361375a38714851576775746b6266526b7a6934434e455a542f596c6d6d626b6d5073496b5377685949567745516c482f45345a70504458493242434d4452355048474f6675354e716b795a6d3462766a597551757a77566b6177364e737734366f345632374b6f71537a45514f666977646d3662535736374b7451745963365074584354724e71444654736f6942566c6d39427130345a57345735537a75514a646b364348463244614a6d6c434f454c716a33424d714f4d5152784e4545557634696a77324c59455055462f4b484d3751364c4b645977346f354778455a4e654d35796741393350694a47314b417a3568367578442f456c597550304a50516a7934616235754472694e614e515564396e7a6f506346433131464f31423865424a6c6b79412b762f594934527661485576734941567843496351476d61457666436455665267796a51696b7251433941514f534731666f445271636c644161656775644e5062565246394261586748326950756f44337344754a55453142684d5236587a764b6753745959736177576e42474b68654e3848546978737469314d6d6c32436e36765734726543386649587451517a466f327a4b49564f52686f5a52596e714c6b3072364a36754a616d6d524b5562626d4b636f6f3267327238586b35714c4e2b4d72305837554c363148746d4c3270417876776b70457657497035534d6d6c4b4f6f496b4563587765334d557a345451694258616a7143594f6a38595273544159454552316e6e5059782b754573307631594d5156413663785075512b684e4230616869796a412b67493777506e5a48335542505267394b49647253453355426a3644576b6d435769697a486a646979306d334f6831706838354745654a4242497a2f31434d4e3836374e574543524e30434f43635034464d4e78427343464556513771684d50765234465a535a43654e5246336d4a476b484b5652667549796d77427673472f694e6764665a306542334866454838326a4534735231507861794a6149525171424f633259675332306a64446b69634a5a556d54695451466173784e6579396368626e734b47475545774d7959563455637464655a3669747031314651326f46456d41386c6372636763335935657530514d6c46477a4b643145553559544d686332493256654179374f726b58736a457045544b595a65674b4e666d4e7934446f36417737444c2b4c3438415259694558435743515942336c396f63626a41515875303743617177502f5a6159347a42554c4d2b346f314e704d7731556654764b37786d674f764957575148495341646370656c4872647758566674324931622b4162676357656d773430487945433955454d7064417875727a34367953454177336a337734637552494f51493434382b4b314f4e50434649525134714243456f744264426b7834734f3570453375684a4e74744e51364e7141537338653148686659516344747572635a6551666230616c315468554839794d71674f794342664b67794e484f673334383245793554436361564a496e4a47453334734a564e6b61764d2f636937796c715453655563506971634c48504c492f565752784b71545a3658764a69456f457058332b6c444a38796c4569694e4c346e4c4d484f624f4c45444f43476f4e3442634c476c43466f444e5866305651505232624457537764397349585953555342314e2b55694676494c5234764b464b454a57346e6247483278465a56424f3935746f5279426945726a714d516f4d6c714c63666a5172334d4e52656f4d48426b7a6b6e4a73675a6e4f394336626b3278476765526a66567836356a484b67377a4955714932356b476645695170636662677043304a495376306f6465394f514952646b4e357473513235723567733946772b4b7372394231554331736630594e31724e754e42754b59784d75327755753753784679584b33656944584470523474794a596f64324a47747552635068355167666e6f7273725563514d534547545762726b4835774166525a305969666668472f4d33634543386a4f46457268612b35325844492f6937524a2b626a6e623457426b6b30594b4e374d6a7365685a7168596e5957334b52723063326e386c7238547065737555744d714a52645152416f7659493978703668736e47436c34786772435261734f41495541534f65554f6a792b464e3939694b49376c44696363592b377050516e32534579393469434a72746766684e682b4178797862424b7733513769364341736353564c686551706b4c6e644d5a4f682f58647553666155617555783075616d326c6d7331436878556e716f3234554772496a58516a506f526f433842465468674b61386256454c784646464d702b4e6b67343356594b364930524f6771694c4b662b4b38357a6f3957473236306b5349374c446951614f614a4c4c7347354a326b6a6e756947586c4d324455687a36595a45517175754f624e6757534a594a7a69536b584964452b715751486f6368305030306c4845446b74426c2f544e71505677415658624f7a784a6f453859703430766d6276784f644d575177554d53414834306652466e7776334d4b472b4f71694f6e496c55366868466245626c7973726a77426d7734475667654f734e46697a4c734b4d4651746a7a6a416334676e425157352f61464354552b46786f3352326769793350585a776e304347336949554b47726a6d4a672f484d61377749794c557474364771705072554c75385359556e47696c3832484f7178485a39673349744b39426f6e6b785572576e73454732574843696b744b366c4778506b6745662f413449774646475a4744446b6d6d78512f5678387039384a484f72495635442b46306f31636e637739527772506e5259737644486f76617165476b474b676733715155715a6256794468616933514c43764e61704232685756557845395732493547393251534f72457763355978466949514c4c726d50527037784c446850645547506c515538794675654a79672b584956496f516255717565425238454838533248756e4c426b474a702f797a71414d7033684d4b5875716f372f63345a74674b7a635a49413272454244716d5146595644484b485135776d414e726350314c6739734a2f48426649386a6c44687334487a4c4630636e6d36417134486b2f665a6f344c6a346552687952634b575a753075642b626259436552615537676a7462544f645567395767316b6930716350466f4766785634314270536558744f41636171443657482b4b6852694f4d5746302b5843447259373144354c504572436b4f684734757851514b6e6a387458435472436258354b5973687a5941614474584a526c746574464b6462435656356832616a324364544d51614653504f7342534a686d56494d43684476463470716267456b544b7971443630457164356b756b6b452b69417735416d73783833676a6a67744551463974784a42435350765162494e4341474b4f4d7a7653687146583378657835427a463950494e6669525977536641577934454c776d41747a6b6c4c344f437556414362446b7437626c42564445434f67787772364a5a55396f4579704c4d647a6b70526f6730717462556a6173522b6c3174504a33343744695a482b644578524f4d775a6955424a533951376a6b4b735a6759706a4d415a6c4e50356c434f657a69335773416a5268766d34734e63574856516632366b2b4d6d6c6463566955504c596f4967377977344d616a64486d6b592f4951366f5067527a7a6838586456454e42567a39464d635272693644595170443933417554336931305265714e6d5534566941434e644952715a534e4373774152476e6d49504a4350634e5538754b344b514975544d426f735a794e696c544838357a6a416234594c556e65726f4d6c354641344975424b51544b7076756577552f526c754646343857656a333038524137686f4d354b786d3731754d6a75456b5279707357536d776f68526d464d67414e43614168717851484751465170505447776649327168777530435268314b5a7877347950465a49325346484a5751646644667451375074496f544d64555059416d66344c72424768744a4f394a7a6e51614b364d694a56387846396f41425247675749314d704475465975517251794561695a426a2b5a746567696b453255316d5747764b672b4f683670683454707631463956424347307470784c594b4367697349322b772f4c4b4d7857365952613047456d7644584d445652354448666d7a34326d4e374d6a4e6c366842506553746f34717841484836566b2b436d6c7756386848594879366644666c7762504c556b493362554e567a31356b434f72674f4e636954672b7a412f6d764f456f3064794a70414e4c6f4d304b5a384e306f48426b52775a377a39533855477051622b4f33595342374a63554b664d396368584a4647316879784d434547705952692b6f674164526c4255434c355174566a72507368714c4d7a616a516751446159432b5042574b6c356444767667676e352b75693966526b6845384f6878312f444a79465968417735514b615434354667384e774f743449424d746c496b67684134474b475168515371647a536f5750346b5534377768446e7045773275303455457369716a51666a584b72795967357941667641344b7732795079626533693655464461707a35563039644d492b73784767493350516856615952666559702f33704b377961716b36326d58456a566d6758373751477757524d413638554263466764446f2b74435469376e574a7a416f3474394561317a556a63384f564573495154715363577171516333385847754f62506854504c4655684e4d6452706b396c316a6d6b57783462326c6a525368732f79786276346a526a495845367844442f536c354f5856634f4a34656568772f4b444a7373623671787a324d2b696a737a6c544c5751414849664a344257554259305261484b4e6a7a316e492b5435426d4c6a733545726356536d504a45774a497536696e75564452597a5561764477654339756a4161307379764c596e775850375262684c78384b4a7a73563559786a63646b664363614d2b4f73672f746c707a6f4d7959462f556e35795050524a77796b624b536a4c6a52746c46505a38366371547745637572516e5033484c56364c31386c62586777786c4e3546356f4c736879325a394734696b50574758464366724946744c4750735a52326c734346464f454a503341505743344e78596b55344846595934496f6e4230703156384341306c43486c4b544b386b63737056766e4f514559547a51696d4648734e50305a523967314c3471647468356a4c2b43753532344d704e48596d4c714948522f6a6c71505a5242486853342f41625068784b484f6367424c76635769496d4d4e70396b466b792b33425579394a33484752784f484a4f6f69535830396c5a68716352434e7768444d426c70775845544c4441373365584d6778586b4448474137485a6545304d767044573541754373735243697837794c4b4f5132325549304c6b4a4e42473030797447526c323874414e7035596767576f6a3036326435495148464e645071694a55383459363976672f4e4a71666d2f3057317068675a5a4833416676466b47456f68417271336f3030355443716244546867754e3643556978644c4346594f35696d57455079354b4148714e75615157764a556251472b324567433172636655434632493271634a697541644d784e78684b4f694a714b324b714c4562433630523174516f51696c5679547a545870385651696b627845356262594b7554375576646574685050546267472b4a6b68684948727858505842784c6759534a6641356469452b52693341393967352b42597467616665433543796479753238656e436465302b564a6d73676465455144694c524f475561446a387035366e6f57494b4b5773596a43616468504e4d472b6a7848344d38367751626e6777642f3134366a3930734338694a714b44684f413068314751717a495852636c61614244554a45647144593648567275456646382b5673426c5334382f362b4465664165494d31784a4e5a72365846364d31714d6f614f7a34306b7a6c76494a436c75727a594c694a444d4c57776957574972617a4455426379684d4d4d445a7862714136334f52725977326d42464d335a36485954524f78324751537332512f37615a5934774f7542692f4b62614a5966427a555247326851756d70546146466f73487877674f564a6351356d497163514d4e38633463734f493362745158516632344a3359597677496e414a62727374787a586e3157544c704a436a76413065532f5a68683641363176486f34726a6b667451375449664c474839636d4f794a6f41556e36506350453968466148666c78354770576a67793744424d68786e697846684e484f41376a48327349396842735a316c677332735137697754594c475931496a4e5a6d6d4d367651354c594269515178674e546f7169694d4135736d394e425975484949354c532f656b4467312b32494647756576344c775a2f2f396f6c5172535a57572f47673654716f385371716b55636c6c3433537359436c684c6573414e72414f347351736564684f567946464b7342766d5479734a3274694c3938685a4f704f52624778424979474f564871654e464265304347367a54695a5465687a486f38564557734b46556434545050484e357a4c4241767059634f3831313448376f4576386650773044385848794a6d6f63664d584d774544634c58794c6e3471627a4d6954763251325868664b776e794f4c497a5032595457504a6f374f5630474e6a51524f54546948673179684f4d71564143764f5243524a3636484a6354687335796c515854584471636e376b536d3942706269367441584f77424e595130536841476b57627051484c57506567494a68745259597a4d425866344b4b4453625341364644353571676a6932572f544c636b6b4a377947497a4d4f6d342f37716b5a572f324c68396c45525350655645456155706a49496a41757861796169796b627059315345757949336467475545637a564c417a7635314846362f6c366b374a544753516c46484244546876453444657a6d313057577752525557342b44497138546c51463364757a696349482f787432496b5a564337306b7076416c596a4e656b74726642692f45756542486568537a452b3541462b42512b487a2b695a2b4f3379446e34474449506277506e55437a41612f3846654f6d7a4143386f70522b357a3865355a6572493146344a6d78462b304f574f6f4d6b6c415159304d6b5a75304549624b66485950446b6f387872426270497944673158683955344253524c4c595735754278624345797359366b6865763934744a3767514256353645352f5754533472454738426839626a57364b516c4263502f374b6a426b7a647633537263582b345a4f37713865797076724969377a78565252466b703451536f3879427030487a565a30785979356b4b6779444b743464324d4a5378374c57537059517766694f48635871565162652f6b314b5a3133346768642f5333634f6f68576e49393037586e51473373596c6a4d4f6b6a5768394f6578682f314d5132536f626b53637a4136636d61734c70356b36734a326d4459754a326a41636f7732665a584c495664714d784a33626358434d456e544879394f6b4967754c576274685057636e6e4355566b616d3641594572446b4a4432426d653038374466346b5a546f373151414131765371625554435973682f624f597a674d587350646e4c6f5156744d42516e726c304b4f667a2b564a303036626732735a4b6e4365736c7974464b6e726d4e5777733976514665514d6a4c317852436d53625652565167574f3461396d7a39766a7639516732466930702f75302f79446a63642b7034696270367a6f514e6742455751614466724b5a75594c6b4f5172473567556c35344b53645a754c474c4a454642464b4936516764336362545452724562674f6d6e347274364b6a5a77616b4f4c516875504b54576879456b53383869496f5572666451703133492b736b31456365516336686d6644624b6f31746c486f627165354b63787043592b5a4a4b4579306874784543786976633857754d555a516d57654e5a64774b574d717443506c526d6d54486c694a6b6a53345a63682f6f634966426b4a2b7857715a6f6442684a382f563079496c716b693036414d744a2b33422b2f6961347a4e6d457a5a79714d4279376e514371556e6c534a68456f5132374d4674525367326d77705848777a454a636a6a7149557374706946626e68612b61414a786c68583973586a713559644b6b5354762b6f736e3875376668702f654b3956785159464a6343486d6d6c4f4930376251776a6563494e2b714d4f5747346544376d73625a6a415147565a4d6c694c5a63735a45526c454c4670446674415a55546c6358625a567577555549627343456f7072616c49315a6d4633594a6d574d2b7949315859597775584462796c74794a566577355578536e5675412f425950567061456a6151556e43456965556662467a30694759796268545056516e2b374948715a7172635754734363687a6e79634c35674e31626e2f34723942467063316f4f4b32526868536e4e6e62797169426c3678496f69387242624f4932736b727263477a7165717a6c6b47566e306d4936336731434f3546764c457a4f684562426b2b5052453632444f6d706d4351643445586867634e31525939326f65394f6e54376362676a686e7944762b55332f68696d665061714774726a4c44336a44664d346e5845554b684f542f62704464626339505979495561513034636b466945326177746d4d5061526c4233515670674230786d624d42472f6a30776e4c6f464f345432495578365066516e373851614c6955597a4e714b6b4e334c5953647847506f6a4861412f316870574d347967503834555359705375434339475a76356465684546656e697947416861772f37746659305a6351714c386670355654724a706a42657159526a4d54745944585a476b45304476707558346b39597172594a61694167324e3359526d484d6e5448626b5034326b56597a796b4c2f6646533946374d2b2b3346664c7277612f6933493056374a42727479656f634530465875417261764863696d644935564a30617a4835425747775a396e62657a436b4a51382f347a426c536f2f6a6666526a2f33396845644b52486e7a6d37542f523773496f496b7655465557544254326b773643305a5331537554305a645967466d736a5a67466d73544a456968556f4a626f43432b6b644a2b4e37594937554434357558594a625954367052576d754f3359796d48416c516e37554449586b6e556e52436a2b5a65545272455a38434a567563303567666a64636a692b654464576368326739314643774d3756634639506458653242754c324c794d374934414f4e7a356b47457948342b714e32436179483973455a53484e4a34744e2f50747763664e382b67785a4c4f66595337565745676648727947414f7a4358745a4f4f62787457385739436f73616f515968574e4854343730526e6f44777964455552726b716a6f4b6f414850634b663130355a327a6c384f4844392f7a537161634f7259622f3078744466717a5a746c473535325446426b4c5568476c34463641526a472f51456c6c796f3561555757484168554f4c356d4147617a326d7361526f76354841627355697a6932493337474972763557396b6d635872494b47684d33515758734668684d33555367396d41466c7878423359567a57356251796331437674454d354770496f63786f45637174523542615269426564523553446b6f675356734377624a4c59436135465674466c62474d53783737523233486b656e53634632304375625470624341557762614539626a7a49496c30427133477475454e374b7a5a5459647a797a575a7177585759384d66564530454d5279617a6f483734336f44464a416e76466f524b6e7777552b5648363779517239766c525476474474327250457645426b316a7671507150486e78717a2b7a7258634f7279444d6572684277696d675144373632564e4e6f502b7373365975546e4543556670535a6a4c73776154576173786c61424f4a355775463135504a37454a6b70776261565363442b58786178473962534532436b736a635a636b6c6e42764a5a587378434b75625a52794f796e326b58726b434e492b724f4357706230632f61344346684b302b5677796b4f5461546331474774715431734e7834517073453250554c77582f4e5173517358454f4a446b325132764343764b59692b69394e7441786247526632426e30576e48794d70525938624f565748614d42343265617769694c41704d78794a616a52634261767a776b4263616b467332346a70425050314c6c325a41547677334838442f4a375a686f34654c724c66614d757a474259495a51663479785a4267577643525a5342624e41535461554178536d4c594a4c364d464c6d6546454167785a5778615949615a455a74685048303164676773426e6847355a697039676d386f417253616e6236595233774776356175684f3367436c305a746f596c6d4e6c6477376347694b464878574c49667947476e597a313944734866436373346179493655786d4b75375168634b776c7049576e4d4a755837724a71506f374f5751472f71636d796e45724a71744277374f366177316d457535787163574465645a6d65794f4e53647932304935766b56615050646a76776a34396751413955476d347671797546395938614d385236366a6641543476532f2b393261667a4c467861655045647837644d767732387a6679596e51466b61796b51416443422b7172586a51516d6e655945704e694b7852715145507246624e77484b657a5643655977524e79615051583345634b724d4f513266435075694e32593767705275674d6d776e5670454339635233776e37364e6f51743377676c7354324957624d4252796273675036596e66523650565a517654737a52786f363474766873325164354d563259426e6e58716950496f42554c74514a767561595464673054416b4b45767051586b53667338594b69376933513337694d696f4a773942416f3138312b55546d7a3376567553306d76796946624361645659655571435430752f7271345866486a685550357548685766344c78466c44646f654c395a2b304d515a307776534a4978584d746f793436556b77777a57456b5751677950356d46504f7765714d4673314930714d34474530366b6b3230364e48387831536b6c614d3079683931474e3169754f4150393254625146746542785152564f4a4c504f7a465246724c632b3547325a6a734d687974416b59384d386270744d426b746a37696c3237475a4f72446e7246315145315741764941384168647567543735566955684f536a532b7878655a496d6a36302f44624f307047437933672f4a4d5979694d333459416d66476f4934434d45697359694e59697144757a414c55756935466d4d4a7a6457507855434b4b69304d442b466350766a42555844794b494b2f2b694c6f37373935727666325a6a3174366d6949714b37745358476e48704c426e32454b715a38586f433749654c4373313455574e42746563494e2f764a424d5969315a7478496b4e4c474a614c4a61453455686c7149772f547048495570316436346651616235684e5077575453536567784730412b346b47734232724333582b6739415830614e3557422f2b6337546f5a396f7745744f41736f67526c5963545542457a6872576b432f536d484d4d704b55396f547a5348376a52724b497672515850695267544a546d41445a4b4c4b6c684d6c6c70776f7378324f5775665a4b4c57626a6f53446767685434344d5064576333426148665a5a614d364b5630396831613966367052496d6843556267582f57336c49535a6c5139756275364e6d6d7448567a767645663065714d7238345574427042674c494d65454436576d504b686c4b334d494a716d7a775a775435635938384e38354265597a71434549472b4c6f474764596a484b4231374a51574934364134384667575342776d41373368326e5a33724461666f466e4a627767514f4e6632596a542b4834464465636e486b657a764d76344e79715146684e4f5132444d566251474b5641396d6742325a646831456747415659797464434b692f333174334b376b6168776d49524d73314749314f42424d4b57796c366f676e475345763236615037707a394f6a525a30694a533339526f73545133554868662b556670654963656d3536476e3334736a314c78654e73746f6c39754b416f676a417449535164456d53724d382b45546f414261734c4e667479446e65366d5844526963704a746f71354a2f7a314265547a4f726c344f4a776c5a4842746a41417452657877564f674d72415865634775324455364f383454446343316238626e415550773954775a4d77466a4747335751566e466b736a614264456969677961534275623979676d71674459737344574e7247494463314a6b46554835384f50497352794442514168684770544b4250486366707166747731377433546d364570536f766b5175462b564f47586f48502f6c66336a754a307a476f4d355a7632537172656d6d45666463396f6f4d2b4b734b4934725579545369394d4e38624b416c704d524b49323555475135437253556a5832394f55493853564472784668734f3676344577497750425966456b4b3039476d6e71453543694e68477036684f52705455572b5964476f4953353532374c68535943313877734d704436616f357a6f504959423833486e4f52764f5646734d66676c7a424a4c7967347a49567730706a5457707136737759384c4b6f4a776b5266366f62462b5a502f73615a4f5353596c4b663648432f314b4976384955486b7142755878386644766b566f7a4b74646b7539736c645867542b36734b49316d582b2b4355424e655a487a69466546423769595866304d6e31756c4250554b6f4a61525371744f55492b31494c73452f5055467747707038625161454e682b2b643950555531776136796f6d6d45464631715164436f2f68615a4d3374536f426b42704e7063594d4b4454454d2b4a4f727849317872454b4433415148322f52624c58634d2f624677387358484b6c436d75512f58774c79464f476a716e2f35592f48537334644a4f634f5a42353832654f4e39485a4f4b7254667066495677616f6e356f514967686f4967464e4936425a526e7a494e527945576b4a515377687169523433536d6c66656f6a536b5a5262526f32716c4c46524643584d6e736f4473792b686652475669434a36585579714c715a394965337a6a62695152652b58704d7544614330656467717a41616f4a7367486137525039497239752f505635382b5a45545a7332626638764378415376387a51342f2b566a655866752f454e44664d7a6877357932617035457830506268783932576137364263584175704634325567316442493676434a4e47616d4750416a347841666367776f2f6656355555415143706e513430477850674e344b417747673146796b51453343706d676e32667263694e4e6877654a704c706f4456364571764d69694f71666e356f4150436d46335a535965797a445069704a546269785446496954554a4367686e3335762b464375634d5055306d2f7038787466786e626379792b3743685647634f636937546a4a624e6d5753707447354368656e5745632f743934723863465551786e6b5649666765454553496c6941696451515171387650766c4f5852507355327166713842456b436d302b7047727849566c7a4d424a49615848716649696d6946446e527769424379527733767346324b7331376770434f4c6c622b4a76427868475074797764317a7876397653497558506e36763043384e65474d6e766f574966396f3173472f783062353143716a786b6171795347626c314b4d5065434e30704f435654664d4b37566450756f4a3866336976376d5445706c626971645652596946516e426d79774a6f79686d65542f77774f436543583931416662506656582f4449305a357868777a4a4e68746a744550757574482f466f782b4c526251746d6a452b654d47474350654e316631375176306a6a6e794f662b4a2b652f663466764845506462377851366e7a3834546d55704666506d5047444a5556532b613637466b334b314e74302b51327653316a2b686a46576d30663974352b742b6a5855337446344c7950516b59597a6e755a6f4e643752474333552b5133793832693777773369443154577a5869356e624a6b63324c7034746e5468777a327074736a4a6d49694d68652b6f794666304e39503250473044474a2f453955346439644842363653665154364f796651482f577168456a5271776873484955683262506e6d3150796e5764506e32363935517030774b6d5470306152423032634f4c456951486a786f337a6f6e416e594366497470674f487a35635855784d624e76516f7176454c2b2f35712f702b4e704b66414d582b356733392f305562393543744744506b505766396372492f4153796a324579716b6830316170516141644d6c6349626934754b4843505a42495345684c51454241575761714a6955585466306a617335663647384f582b783244426c36444e462f7263442f46757253507844587867664e335369503558364b346a2f53507855337053683978342b56414f3557502f484e2b3468714b4a447931526a68785a504a772b7064747051552f68624d57336f2f356b793944746a68393544644f67392f317671332f3848766a5a74663344774d705941414141415355564f524b35435949493d);

-- --------------------------------------------------------

--
-- Table structure for table `constituency`
--

CREATE TABLE `constituency` (
  `constituency_id` int(11) NOT NULL,
  `county_id` int(11) NOT NULL,
  `constituencyname` varchar(100) CHARACTER SET latin1 NOT NULL
) ENGINE=InnoDB DEFAULT CHARSET=utf8;

--
-- Dumping data for table `constituency`
--

INSERT INTO `constituency` (`constituency_id`, `county_id`, `constituencyname`) VALUES
(1, 28, 'Chagamwe constituency'),
(2, 28, 'Kilifi South Constituency'),
(3, 28, 'Jomvu Constituency'),
(4, 28, 'Kisauni Constituency'),
(5, 28, 'Nyali Constituency'),
(6, 28, 'Likoni Constituency'),
(7, 28, 'Mvita Constituency'),
(8, 14, 'Kilifi South Constituency'),
(9, 14, 'Kilifi North Constituency'),
(10, 14, 'Kaloleni Constituency'),
(11, 14, 'Rabai Constituency'),
(12, 14, 'Ganze Constituency'),
(13, 14, 'Malindi Constituency'),
(14, 14, 'Magarini Constituency'),
(15, 19, 'Msambweni Constituency'),
(16, 19, 'Lunga Lunga Constituency'),
(17, 19, 'Matuga Constituency'),
(18, 19, 'Kinango Constituency'),
(19, 40, 'Garsen Constituency'),
(20, 40, 'Galole Constituency'),
(21, 40, 'Bura Constituency'),
(22, 21, 'Lamu East Constituency'),
(23, 21, 'Lamu West Constituency'),
(24, 39, 'Taveta Constituency'),
(25, 39, 'Wundanyi Constituency'),
(26, 39, 'Mwatate Constituency'),
(27, 39, 'Voi Constituency'),
(28, 7, 'Garissa Township Constituency'),
(29, 7, 'Ijara Constituency'),
(30, 7, 'Dadaab Constituencyy'),
(31, 7, 'Lagdera Constituency'),
(32, 7, 'Balambala Constituency'),
(33, 7, 'Fafi Constituency'),
(34, 46, 'Wajir North Constituency'),
(35, 46, 'Wajir East Constituency'),
(36, 46, 'Tarbaj Constituency'),
(37, 46, 'Wajir West Constituency'),
(38, 46, 'Eldas Constituency'),
(39, 46, 'Wajir South Constituency'),
(40, 24, 'Mandera West Constituency'),
(41, 24, 'Mandera North Constituency'),
(42, 24, 'Mandera South Constituency'),
(43, 24, 'Mandera East Constituency'),
(44, 24, 'Lafey Constituency'),
(45, 27, 'Moyale Constituency'),
(46, 27, 'North Horr Constituency'),
(47, 27, 'Saku Constituency'),
(48, 27, 'Laisamis Constituency'),
(49, 9, 'Isiolo North Constituency'),
(50, 9, 'Isiolo South Constituency'),
(51, 25, 'Igembe South Constituency'),
(52, 25, 'Igembe Central Constituency'),
(53, 25, 'Igembe North Constituency'),
(54, 25, 'Tigania West Constituency'),
(55, 25, 'Tigania East Constituency'),
(56, 25, 'North Imenti Constituency'),
(57, 25, 'Buuri Constituency'),
(58, 25, 'Central Imenti Constituency'),
(59, 25, 'South Imenti Constituency'),
(60, 41, 'Maara Constituency'),
(61, 41, 'Tharaka Constituency'),
(62, 6, 'Manyatta Constituency'),
(63, 6, 'Runyenjes Constituency'),
(64, 6, 'Mbeere South Constituency'),
(65, 6, 'Mbeere North Constituency'),
(66, 18, 'Mwingi North Constituency'),
(67, 18, 'BMwingi Central Constituency'),
(68, 18, 'Mwingi South Constituency'),
(69, 18, 'Kitui West Constituency'),
(70, 18, 'Kitui Rural Constituency'),
(71, 18, 'Kitui Town Constituency'),
(72, 18, 'Mutito Constituency'),
(73, 18, 'Kitui South Constituency'),
(74, 22, 'Masinga Constituency'),
(75, 22, 'Yatta Constituency'),
(76, 22, 'Kagundo Constituency'),
(77, 22, 'Matungulu Constituency'),
(78, 22, 'Kathiani Constituency'),
(79, 22, 'Mavoko Constituency'),
(80, 22, 'Machakos Town Constituency'),
(81, 22, 'Mwala Constituency'),
(82, 23, 'Mbooni Constituency'),
(83, 23, 'Kilome Constituency'),
(84, 23, 'Kaiti Constituency'),
(85, 23, 'Makueni Constituency'),
(86, 23, 'Kibwezi West Constituency'),
(87, 23, 'Kibwezi East Constituency'),
(88, 35, 'Kipipiri Constituency'),
(89, 35, 'Ol-Kalou Constituency'),
(90, 35, 'Ol-Jorok Constituency'),
(91, 35, 'Ndaragwa Constituency'),
(92, 36, 'Tetu Constituency'),
(93, 36, 'Kieni Constituency'),
(94, 36, 'Mathira Constituency'),
(95, 36, 'Othaya Constituency'),
(96, 36, 'Mukurwe-ini Constituency'),
(97, 36, 'Nyeri Town Constituency'),
(98, 15, 'Mwea Constituency'),
(99, 15, 'Gichugu Constituency'),
(100, 15, 'Ndia Constituency'),
(101, 15, 'Kirinyaga Central Constituency'),
(102, 29, 'Kangema Constituency'),
(103, 29, 'Mathioya Constituency'),
(104, 29, 'Kiharu Constituency'),
(105, 29, 'Kigumo Constituency'),
(106, 29, 'Maragwa Constituency'),
(107, 29, 'Kandara Constituency'),
(108, 29, 'Gatanga Constituency'),
(109, 13, 'Gatundu South Constituency'),
(110, 13, 'Gatundu North Constituency'),
(111, 13, 'Juja Constituency'),
(112, 13, 'Thika Town Constituency'),
(113, 13, 'Ruiru Constituency'),
(114, 13, 'Githunguri Constituency'),
(115, 13, 'Kiambu Constituency'),
(116, 13, 'Kiambaa Constituency'),
(117, 13, 'Kabete Constituency'),
(118, 13, 'Kikuyu Constituency'),
(119, 13, 'Limuru Constituency'),
(120, 13, 'Lari Constituency'),
(121, 43, 'Turkana North Constituency'),
(122, 43, 'Turkana West Constituency'),
(123, 43, 'Turkana Central Constituency'),
(124, 43, 'Loima Constituency'),
(125, 43, 'Turkana South Constituency'),
(126, 43, 'Turkana East Constituency'),
(127, 47, 'Kapenguria Constituency'),
(128, 47, 'Sigor Constituency'),
(129, 47, 'Kacheliba Constituency'),
(130, 47, 'Pokot South Constituency'),
(131, 37, 'Samburu West Constituency'),
(132, 37, 'Samburu East Constituency'),
(133, 37, 'Samburu North Constituency'),
(134, 42, 'Kwanza Constituency'),
(135, 42, 'Endebess Constituency'),
(136, 42, 'Saboti Constituency'),
(137, 42, 'Kiminini Constituency'),
(138, 42, 'Cherangany Constituency'),
(139, 44, 'Soy Constituency'),
(140, 44, 'Turbo Constituency'),
(141, 44, 'Moiben Constituency'),
(142, 44, 'Ainabkoi Constituency'),
(143, 44, 'Kapseret Constituency'),
(144, 44, 'Kesses Constituency'),
(145, 5, 'Marakwet East Constituency'),
(146, 5, 'Marakwet West Constituency'),
(147, 5, 'Keiyo North Constituency'),
(148, 5, 'Keiyo South Constituency'),
(149, 32, 'Tinderet Constituency'),
(150, 32, 'Aldai Constituency'),
(151, 32, 'Nandi Hills Constituency'),
(152, 32, 'Emgwen Constituency'),
(153, 32, 'Chesumei Constituency'),
(154, 32, 'Mosop Constituency'),
(155, 1, 'Mogotio Constituency'),
(156, 1, 'Tiaty Constituency'),
(157, 1, 'Baringo South Constituency'),
(158, 1, 'Baringo North Constituency'),
(159, 1, 'Baringo Central Constituency'),
(160, 1, 'Eldama Ravine Constituency'),
(161, 20, 'Laikipia West Constituency'),
(162, 20, 'Laikipia East Constituency'),
(163, 20, 'Laikipia North Constituency'),
(164, 31, 'Molo Constituency'),
(165, 31, 'Njoro Constituency'),
(166, 31, 'Naivasha Constituency'),
(167, 31, 'Gilgil Constituency'),
(168, 31, 'Kuresoi South Constituency'),
(169, 31, 'Kuresoi North Constituency'),
(170, 31, 'Subukia Constituency'),
(171, 31, 'Rongai Constituency'),
(172, 31, 'Bahati Constituency'),
(173, 31, 'Nakuru Town West Constituency'),
(174, 31, 'Nakuru Town East Constituency'),
(175, 33, 'Kilgoris Constituency'),
(176, 33, 'Emurua Dikirr Constituency'),
(177, 33, 'Narok North Constituency'),
(178, 33, 'Narok East Constituency'),
(179, 33, 'Narok South Constituency'),
(180, 33, 'Narok West Constituency'),
(181, 10, 'Kajiado North Constituency'),
(182, 10, 'Kajiado Central Constituency'),
(183, 10, 'Kajiado East Constituency'),
(184, 10, 'Kajiado South Constituency'),
(185, 12, 'Kipkelion East Constituency'),
(186, 12, 'Kipkelion West Constituency'),
(187, 12, 'Ainamoi Constituency'),
(188, 12, 'Bureti Constituency'),
(189, 12, 'Belgut Constituency'),
(190, 12, 'Sigowet Constituency'),
(191, 2, 'Sotik Constituency'),
(192, 2, 'Chepalungu Constituency'),
(193, 2, 'Bonet East Constituency'),
(194, 2, 'Konoin Constituency'),
(195, 11, 'Lugari Constituency'),
(196, 11, 'Lukuyani Constituency'),
(197, 11, 'Malava Constituency'),
(198, 11, 'Alurambi Constituency'),
(199, 11, 'Navakholo Constituency'),
(200, 11, 'Mumias Constituency'),
(201, 11, 'Mumias East Constituency'),
(202, 11, 'Matungu Constituency'),
(203, 11, 'Butere Constituency'),
(204, 11, 'Khwisero Constituency'),
(205, 11, 'Sinyalu Constituency'),
(206, 11, 'Ikolomani Constituency'),
(207, 45, 'Vihiga Constituency'),
(208, 45, 'Sabatia Constituency'),
(209, 45, 'Hamisi Constituency'),
(210, 45, 'Emuhaya Constituency'),
(211, 45, 'Luanda Constituency'),
(212, 3, 'Mt. Elgon Constituency'),
(213, 3, 'Sirisia Constituency'),
(214, 3, 'Kabuchai Constituency'),
(215, 3, 'Bumula Constituency'),
(216, 3, 'Kanduyi Constituency'),
(217, 3, 'Webuye East Constituency'),
(218, 3, 'Webuye West Constituency'),
(219, 3, 'Kimilili Constituency'),
(220, 3, 'Tongaren Constituency'),
(221, 4, 'Teso North Constituency'),
(222, 4, 'Teso South Constituency'),
(223, 4, 'Nambale Constituency'),
(224, 4, 'Matayos Constituency'),
(225, 4, 'Butula Constituency'),
(226, 4, 'Funyula Constituency'),
(227, 4, 'Budalangi Constituency'),
(228, 38, 'Ugenya Constituency'),
(229, 38, 'Ugunja Constituency'),
(230, 38, 'Alego Usonga Constituency'),
(231, 38, 'Gem Constituency'),
(232, 38, 'Bondo Constituency'),
(233, 38, 'Rarieda Constituency'),
(234, 17, 'Kisumu East Constituency'),
(235, 17, 'Kisumu West Constituency'),
(236, 17, 'Kisumu Central Constituency'),
(237, 17, 'Seme Constituency'),
(238, 17, 'Nyando Constituency'),
(239, 17, 'Muhoroni Constituency'),
(240, 17, 'Nyakach Constituency'),
(241, 8, 'Kasipul Constituency'),
(242, 8, 'Kabondo Kasipul Constituency'),
(243, 8, 'Karachuonyo Constituency'),
(244, 8, 'Rangwe Constituency'),
(245, 8, 'Homa Bay Town Constituency'),
(246, 8, 'Ndhiwa Constituency'),
(247, 8, 'Mbita Constituency'),
(248, 8, 'Gwasi Constituency'),
(249, 8, 'Suba Constituency'),
(250, 26, 'Rongo Constituency'),
(251, 26, 'Awedo Constituency'),
(252, 26, 'Suna West Constituency'),
(253, 26, 'Suna East Constituency'),
(254, 26, 'Uriri Constituency'),
(255, 26, 'Nyatike Constituency'),
(256, 26, 'Kuria East Constituency'),
(257, 26, 'Kuria West Constituency'),
(258, 16, 'Bonchari Constituency'),
(259, 16, 'South Mugirango Constituency'),
(260, 16, 'Bomachoge Constituency'),
(261, 16, 'Mugirango Constituency'),
(262, 16, 'Bobasi Constituency'),
(263, 16, 'Gucha Constituency'),
(264, 16, 'Nyaribari Masaba Constituency'),
(265, 16, 'Nyaribari Chache Constituency'),
(266, 16, 'Marani Constituency'),
(267, 16, 'Mosocho Constituency'),
(268, 34, 'Kitutut Masaba Constituency'),
(269, 34, 'West Mugirango Constituency'),
(270, 34, 'North Mugirango Constituency'),
(271, 34, 'Borabu Constituency'),
(272, 30, 'Dagoretti South Constituency'),
(273, 30, 'Dagoretti North Constituency'),
(274, 30, 'Langata Constituency'),
(275, 30, 'Kibra Constituency'),
(276, 30, 'Roysambu Constituency'),
(277, 30, 'Kasarani Constituency'),
(278, 30, 'Ruaraka Constituency'),
(279, 30, 'Embakasi East Constituency'),
(280, 30, 'Embakasi West Constituency'),
(281, 30, 'Embakasi Central Constituency'),
(282, 30, 'Embakasi North Constituency'),
(283, 30, 'Embakasi South Constituency'),
(284, 30, 'Makadara Constituency'),
(285, 30, 'Kamukunji Constituency'),
(286, 30, 'Starehe Constituency'),
(287, 30, 'Mathare Constituency'),
(288, 30, 'Westlands Constituency');

-- --------------------------------------------------------

--
-- Table structure for table `counties`
--

CREATE TABLE `counties` (
  `county_id` int(11) NOT NULL,
  `countyname` varchar(50) CHARACTER SET latin1 NOT NULL
) ENGINE=InnoDB DEFAULT CHARSET=utf8;

--
-- Dumping data for table `counties`
--

INSERT INTO `counties` (`county_id`, `countyname`) VALUES
(1, 'Baringo County'),
(2, 'Bomet County'),
(3, 'Bungoma County'),
(4, 'Busia County'),
(5, 'Elgeyo Marakwet County'),
(6, 'Embu County'),
(7, 'Garissa County'),
(8, 'Homa Bay County'),
(9, 'Isiolo County'),
(10, 'Kajiado County'),
(11, 'Kakamega County'),
(12, 'Kericho County'),
(13, 'Kiambu County'),
(14, 'Kilifi County'),
(15, 'Kirinyaga County'),
(16, 'Kisii County'),
(17, 'Kisumu County'),
(18, 'Kitui County'),
(19, 'Kwale County'),
(20, 'Laikipia County'),
(21, 'Lamu County'),
(22, 'Machakos County'),
(23, 'Makueni County'),
(24, 'Mandera County'),
(25, 'Meru County'),
(26, 'Migori County'),
(27, 'Marsabit County'),
(28, 'Mombasa County'),
(29, 'Muranga County'),
(30, 'Nairobi County'),
(31, 'Nakuru County'),
(32, 'Nandi County'),
(33, 'Narok County'),
(34, 'Nyamira County'),
(35, 'Nyandarua County'),
(36, 'Nyeri County'),
(37, 'Samburu County'),
(38, 'Siaya County'),
(39, 'Taita Taveta County'),
(40, 'Tana River County'),
(41, 'Tharaka Nithi County'),
(42, 'Trans Nzoia County'),
(43, 'Turkana County'),
(44, 'Uasin Gishu County'),
(45, 'Vihiga County'),
(46, 'Wajir County'),
(47, 'West Pokot County');

-- --------------------------------------------------------

--
-- Table structure for table `countries`
--

CREATE TABLE `countries` (
  `country_id` int(11) NOT NULL,
  `countryname` varchar(50) CHARACTER SET latin1 NOT NULL
) ENGINE=InnoDB DEFAULT CHARSET=utf8;

--
-- Dumping data for table `countries`
--

INSERT INTO `countries` (`country_id`, `countryname`) VALUES
(1, 'Afghanistan'),
(2, 'Albania'),
(3, 'Algeria'),
(4, 'Andorra'),
(5, 'Angola'),
(6, 'Antigua and Barbuda'),
(7, 'Argentina'),
(8, 'Armenia'),
(9, 'Aruba'),
(10, 'Australia'),
(11, 'Austria'),
(12, 'Azerbaijan'),
(13, 'Bahamas, The'),
(14, 'Bahrain'),
(15, 'Bangladesh'),
(16, 'Barbados'),
(17, 'Belarus'),
(18, 'Belgium'),
(19, 'Belize'),
(20, 'Benin'),
(21, 'Bhutan'),
(22, 'Bolivia'),
(23, 'Bosnia and Herzegovina'),
(24, 'Botswana'),
(25, 'Brazil'),
(26, 'Brunei'),
(27, 'Bulgaria'),
(28, 'Burkina Faso'),
(29, 'Burma'),
(30, 'Burundi'),
(31, 'Cambodia'),
(32, 'Cameroon'),
(33, 'Canada'),
(34, 'Cabo Verde'),
(35, 'Central African Republic'),
(36, 'Chad'),
(37, 'Chile'),
(38, 'China'),
(39, 'Colombia'),
(40, 'Comoros'),
(41, 'Congo, Democratic Republic of the'),
(42, 'Congo, Republic of the'),
(43, 'Costa Rica'),
(44, 'Cote d\'Ivoire'),
(45, 'Croatia'),
(46, 'Cuba'),
(47, 'Curacao'),
(48, 'Cyprus'),
(49, 'Czechia'),
(50, 'Denmark'),
(51, 'Djibouti'),
(52, 'Dominica'),
(53, 'Dominican Republic'),
(54, 'Ecuador'),
(55, 'Egypt'),
(56, 'El Salvador'),
(57, 'Equatorial Guinea'),
(58, 'Eritrea'),
(59, 'Estonia'),
(60, 'Ethiopia'),
(61, 'Fiji'),
(62, 'Finland'),
(63, 'France'),
(64, 'Gabon'),
(65, 'Gambia, The'),
(66, 'Georgia'),
(67, 'Germany'),
(68, 'Ghana'),
(69, 'Greece'),
(70, 'Grenada'),
(71, 'Guatemala'),
(72, 'Guinea'),
(73, 'Guinea-Bissau'),
(74, 'Guyana'),
(75, 'Haiti'),
(76, 'Holy See'),
(77, 'Honduras'),
(78, 'Hong Kong'),
(79, 'Hungary'),
(80, 'Iceland'),
(81, 'India'),
(82, 'Indonesia'),
(83, 'Iran'),
(84, 'Iraq'),
(85, 'Ireland'),
(86, 'Israel'),
(87, 'Italy'),
(88, 'Jamaica'),
(89, 'Japan'),
(90, 'Jordan'),
(91, ''),
(92, 'Top of Page'),
(93, 'Kazakhstan'),
(94, 'Kenya'),
(95, 'Kiribati'),
(96, 'Korea, North'),
(97, 'Korea, South'),
(98, 'Kosovo'),
(99, 'Kuwait'),
(100, 'Kyrgyzstan'),
(101, 'Laos'),
(102, 'Latvia'),
(103, 'Lebanon'),
(104, 'Lesotho'),
(105, 'Liberia'),
(106, 'Libya'),
(107, 'Liechtenstein'),
(108, 'Lithuania'),
(109, 'Luxembourg'),
(110, 'Macau'),
(111, 'Macedonia'),
(112, 'Madagascar'),
(113, 'Malawi'),
(114, 'Malaysia'),
(115, 'Maldives'),
(116, 'Mali'),
(117, 'Malta'),
(118, 'Marshall Islands'),
(119, 'Mauritania'),
(120, 'Mauritius'),
(121, 'Mexico'),
(122, 'Micronesia'),
(123, 'Moldova'),
(124, 'Monaco'),
(125, 'Mongolia'),
(126, 'Montenegro'),
(127, 'Morocco'),
(128, 'Mozambique'),
(129, 'Namibia'),
(130, 'Nauru'),
(131, 'Nepal'),
(132, 'Netherlands'),
(133, 'New Zealand'),
(134, 'Nicaragua'),
(135, 'Niger'),
(136, 'Nigeria'),
(137, 'North Korea'),
(138, 'Norway'),
(139, 'Oman'),
(140, 'Pakistan'),
(141, 'Palau'),
(142, 'Palestinian Territories'),
(143, 'Panama'),
(144, 'Papua New Guinea'),
(145, 'Paraguay'),
(146, 'Peru'),
(147, 'Philippines'),
(148, 'Poland'),
(149, 'Portugal'),
(150, 'Qatar'),
(151, 'Romania'),
(152, 'Russia'),
(153, 'Rwanda'),
(154, 'Saint Kitts and Nevis'),
(155, 'Saint Lucia'),
(156, 'Saint Vincent and the Grenadines'),
(157, 'Samoa'),
(158, 'San Marino'),
(159, 'Sao Tome and Principe'),
(160, 'Saudi Arabia'),
(161, 'Senegal'),
(162, 'Serbia'),
(163, 'Seychelles'),
(164, 'Sierra Leone'),
(165, 'Singapore'),
(166, 'Sint Maarten'),
(167, 'Slovakia'),
(168, 'Slovenia'),
(169, 'Solomon Islands'),
(170, 'Somalia'),
(171, 'South Africa'),
(172, 'South Korea'),
(173, 'South Sudan'),
(174, 'Spain'),
(175, 'Sri Lanka'),
(176, 'Sudan'),
(177, 'Suriname'),
(178, 'Swaziland'),
(179, 'Sweden'),
(180, 'Switzerland'),
(181, 'Syria'),
(182, 'Taiwan'),
(183, 'Tajikistan'),
(184, 'Tanzania'),
(185, 'Thailand'),
(186, 'Timor-Leste'),
(187, 'Togo'),
(188, 'Tonga'),
(189, 'Trinidad and Tobago'),
(190, 'Tunisia'),
(191, 'Turkey'),
(192, 'Turkmenistan'),
(193, 'Tuvalu'),
(194, 'Uganda'),
(195, 'Ukraine'),
(196, 'United Arab Emirates'),
(197, 'United Kingdom'),
(198, 'Uruguay'),
(199, 'Uzbekistan'),
(200, 'Vanuatu'),
(201, 'Venezuela'),
(202, 'Vietnam'),
(203, 'Yemen'),
(204, 'Zambia'),
(205, 'Zimbabwe'),
(206, 'Afghanistan'),
(207, 'Albania'),
(208, 'Algeria'),
(209, 'Andorra'),
(210, 'Angola'),
(211, 'Antigua and Barbuda'),
(212, 'Argentina'),
(213, 'Armenia'),
(214, 'Aruba'),
(215, 'Australia'),
(216, 'Austria'),
(217, 'Azerbaijan'),
(218, 'Bahamas, The'),
(219, 'Bahrain'),
(220, 'Bangladesh'),
(221, 'Barbados'),
(222, 'Belarus'),
(223, 'Belgium'),
(224, 'Belize'),
(225, 'Benin'),
(226, 'Bhutan'),
(227, 'Bolivia'),
(228, 'Bosnia and Herzegovina'),
(229, 'Botswana'),
(230, 'Brazil'),
(231, 'Brunei'),
(232, 'Bulgaria'),
(233, 'Burkina Faso'),
(234, 'Burma'),
(235, 'Burundi'),
(236, 'Cambodia'),
(237, 'Cameroon'),
(238, 'Canada'),
(239, 'Cabo Verde'),
(240, 'Central African Republic'),
(241, 'Chad'),
(242, 'Chile'),
(243, 'China'),
(244, 'Colombia'),
(245, 'Comoros'),
(246, 'Congo, Democratic Republic of the'),
(247, 'Congo, Republic of the'),
(248, 'Costa Rica'),
(249, 'Cote d\'Ivoire'),
(250, 'Croatia'),
(251, 'Cuba'),
(252, 'Curacao'),
(253, 'Cyprus'),
(254, 'Czechia'),
(255, 'Denmark'),
(256, 'Djibouti'),
(257, 'Dominica'),
(258, 'Dominican Republic'),
(259, 'Ecuador'),
(260, 'Egypt'),
(261, 'El Salvador'),
(262, 'Equatorial Guinea'),
(263, 'Eritrea'),
(264, 'Estonia'),
(265, 'Ethiopia'),
(266, 'Fiji'),
(267, 'Finland'),
(268, 'France'),
(269, 'Gabon'),
(270, 'Gambia, The'),
(271, 'Georgia'),
(272, 'Germany'),
(273, 'Ghana'),
(274, 'Greece'),
(275, 'Grenada'),
(276, 'Guatemala'),
(277, 'Guinea'),
(278, 'Guinea-Bissau'),
(279, 'Guyana'),
(280, 'Haiti'),
(281, 'Holy See'),
(282, 'Honduras'),
(283, 'Hong Kong'),
(284, 'Hungary'),
(285, 'Iceland'),
(286, 'India'),
(287, 'Indonesia'),
(288, 'Iran'),
(289, 'Iraq'),
(290, 'Ireland'),
(291, 'Israel'),
(292, 'Italy'),
(293, 'Jamaica'),
(294, 'Japan'),
(295, 'Jordan'),
(296, ''),
(297, 'Top of Page'),
(298, 'Kazakhstan'),
(299, 'Kenya'),
(300, 'Kiribati'),
(301, 'Korea, North'),
(302, 'Korea, South'),
(303, 'Kosovo'),
(304, 'Kuwait'),
(305, 'Kyrgyzstan'),
(306, 'Laos'),
(307, 'Latvia'),
(308, 'Lebanon'),
(309, 'Lesotho'),
(310, 'Liberia'),
(311, 'Libya'),
(312, 'Liechtenstein'),
(313, 'Lithuania'),
(314, 'Luxembourg'),
(315, 'Macau'),
(316, 'Macedonia'),
(317, 'Madagascar'),
(318, 'Malawi'),
(319, 'Malaysia'),
(320, 'Maldives'),
(321, 'Mali'),
(322, 'Malta'),
(323, 'Marshall Islands'),
(324, 'Mauritania'),
(325, 'Mauritius'),
(326, 'Mexico'),
(327, 'Micronesia'),
(328, 'Moldova'),
(329, 'Monaco'),
(330, 'Mongolia'),
(331, 'Montenegro'),
(332, 'Morocco'),
(333, 'Mozambique'),
(334, 'Namibia'),
(335, 'Nauru'),
(336, 'Nepal'),
(337, 'Netherlands'),
(338, 'New Zealand'),
(339, 'Nicaragua'),
(340, 'Niger'),
(341, 'Nigeria'),
(342, 'North Korea'),
(343, 'Norway'),
(344, 'Oman'),
(345, 'Pakistan'),
(346, 'Palau'),
(347, 'Palestinian Territories'),
(348, 'Panama'),
(349, 'Papua New Guinea'),
(350, 'Paraguay'),
(351, 'Peru'),
(352, 'Philippines'),
(353, 'Poland'),
(354, 'Portugal'),
(355, 'Qatar'),
(356, 'Romania'),
(357, 'Russia'),
(358, 'Rwanda'),
(359, 'Saint Kitts and Nevis'),
(360, 'Saint Lucia'),
(361, 'Saint Vincent and the Grenadines'),
(362, 'Samoa'),
(363, 'San Marino'),
(364, 'Sao Tome and Principe'),
(365, 'Saudi Arabia'),
(366, 'Senegal'),
(367, 'Serbia'),
(368, 'Seychelles'),
(369, 'Sierra Leone'),
(370, 'Singapore'),
(371, 'Sint Maarten'),
(372, 'Slovakia'),
(373, 'Slovenia'),
(374, 'Solomon Islands'),
(375, 'Somalia'),
(376, 'South Africa'),
(377, 'South Korea'),
(378, 'South Sudan'),
(379, 'Spain'),
(380, 'Sri Lanka'),
(381, 'Sudan'),
(382, 'Suriname'),
(383, 'Swaziland'),
(384, 'Sweden'),
(385, 'Switzerland'),
(386, 'Syria'),
(387, 'Taiwan'),
(388, 'Tajikistan'),
(389, 'Tanzania'),
(390, 'Thailand'),
(391, 'Timor-Leste'),
(392, 'Togo'),
(393, 'Tonga'),
(394, 'Trinidad and Tobago'),
(395, 'Tunisia'),
(396, 'Turkey'),
(397, 'Turkmenistan'),
(398, 'Tuvalu'),
(399, 'Uganda'),
(400, 'Ukraine'),
(401, 'United Arab Emirates'),
(402, 'United Kingdom'),
(403, 'Uruguay'),
(404, 'Uzbekistan'),
(405, 'Vanuatu'),
(406, 'Venezuela'),
(407, 'Vietnam'),
(408, 'Yemen'),
(409, 'Zambia'),
(410, 'Zimbabwe');

-- --------------------------------------------------------

--
-- Table structure for table `course`
--

CREATE TABLE `course` (
  `course_id` int(50) NOT NULL,
  `department_id` int(50) NOT NULL,
  `coursename` varchar(50) CHARACTER SET latin1 NOT NULL,
  `exambody` varchar(50) CHARACTER SET latin1 NOT NULL,
  `duration` varchar(50) CHARACTER SET latin1 NOT NULL,
  `feepayable` int(11) NOT NULL
) ENGINE=InnoDB DEFAULT CHARSET=utf8;

--
-- Dumping data for table `course`
--

INSERT INTO `course` (`course_id`, `department_id`, `coursename`, `exambody`, `duration`, `feepayable`) VALUES
(1, 2, 'Form 1', 'internal', '1 year', 20000),
(2, 2, 'Form 2', 'internal', '1 year', 18000),
(3, 2, 'Form 3', 'internal', '1 year', 15000),
(4, 2, 'Form 4', 'internal', '1 year', 16000),
(5, 4, 'alumni', 'n/a', 'n/a', 0);

-- --------------------------------------------------------

--
-- Table structure for table `deletedstudents`
--

CREATE TABLE `deletedstudents` (
  `student_id` int(11) NOT NULL,
  `sirname` varchar(50) CHARACTER SET latin1 NOT NULL,
  `firstname` varchar(50) CHARACTER SET latin1 NOT NULL,
  `lastname` varchar(50) CHARACTER SET latin1 NOT NULL,
  `idno` varchar(50) CHARACTER SET latin1 NOT NULL,
  `dateofbirth` varchar(50) CHARACTER SET latin1 NOT NULL,
  `gender` varchar(10) CHARACTER SET latin1 NOT NULL,
  `country_id` varchar(20) CHARACTER SET latin1 NOT NULL,
  `county_id` varchar(50) CHARACTER SET latin1 NOT NULL,
  `constituency_id` varchar(50) CHARACTER SET latin1 NOT NULL,
  `mobile` varchar(50) CHARACTER SET latin1 NOT NULL,
  `email` varchar(50) CHARACTER SET latin1 NOT NULL,
  `address` varchar(50) CHARACTER SET latin1 NOT NULL,
  `zipcode` varchar(50) CHARACTER SET latin1 NOT NULL,
  `course_id` varchar(50) CHARACTER SET latin1 NOT NULL,
  `intake_id` varchar(10) CHARACTER SET latin1 NOT NULL,
  `reg_date` varchar(50) CHARACTER SET latin1 NOT NULL
) ENGINE=InnoDB DEFAULT CHARSET=utf8;

-- --------------------------------------------------------

--
-- Table structure for table `departments`
--

CREATE TABLE `departments` (
  `department_id` int(11) NOT NULL,
  `departmentname` varchar(50) CHARACTER SET latin1 NOT NULL,
  `hod` varchar(50) CHARACTER SET latin1 NOT NULL
) ENGINE=InnoDB DEFAULT CHARSET=utf8;

--
-- Dumping data for table `departments`
--

INSERT INTO `departments` (`department_id`, `departmentname`, `hod`) VALUES
(1, 'Default', 'Madam Judy'),
(2, 'Business Management', 'mr okinda'),
(3, 'Information Technology', 'Mr. David'),
(4, 'alumni', 'Madam Julie');

-- --------------------------------------------------------

--
-- Table structure for table `discount`
--

CREATE TABLE `discount` (
  `dis_id` int(11) NOT NULL,
  `dis_prc` text CHARACTER SET latin1 NOT NULL,
  `dis_val` text CHARACTER SET latin1 NOT NULL
) ENGINE=InnoDB DEFAULT CHARSET=utf8;

--
-- Dumping data for table `discount`
--

INSERT INTO `discount` (`dis_id`, `dis_prc`, `dis_val`) VALUES
(1, '0%', '0'),
(2, '10%', '0.10'),
(3, '20%', '0.20'),
(4, '30%', '0.30'),
(5, '40%', '0.40'),
(6, '50%', '0.50'),
(7, '60%', '0.60'),
(8, '70%', '0.70'),
(9, '80%', '0.80'),
(10, '90%', '0.90'),
(11, '100%', '0.100');

-- --------------------------------------------------------

--
-- Table structure for table `fee`
--

CREATE TABLE `fee` (
  `reciept` int(11) NOT NULL,
  `method` varchar(50) CHARACTER SET latin1 NOT NULL,
  `refno` varchar(50) CHARACTER SET latin1 NOT NULL,
  `student_id` int(50) NOT NULL,
  `tdate` varchar(50) CHARACTER SET latin1 NOT NULL,
  `amount` int(50) NOT NULL
) ENGINE=InnoDB DEFAULT CHARSET=utf8;

--
-- Dumping data for table `fee`
--

INSERT INTO `fee` (`reciept`, `method`, `refno`, `student_id`, `tdate`, `amount`) VALUES
(1, 'Cash', '', 4, '2017-10-04', 3000),
(3, 'Cash', '5142Z', 1, '2017-10-10', 2000),
(5, 'Cash', '5685Y', 4, '2017-10-10', 5000),
(7, 'Cash', '234TY', 4, '2017-10-10', 2000),
(9, 'Cash', '125', 3, '2017-10-12', 2000),
(10, 'Cash', 'TRRRR', 4, '2017-10-16', 100),
(11, 'Cash', 'TRE', 4, '2017-10-16', 500),
(12, 'Cash', 'UIYT', 4, '2017-10-16', 2000),
(13, 'Cash', 'REW', 4, '2017-10-16', 5000),
(14, 'Cash', 'RTY', 4, '2017-10-16', 450),
(16, 'Cash', 'RTYU', 4, '2017-10-16', 8000),
(17, 'Cash', 'EWSDE', 4, '2017-10-16', 4000),
(18, 'Cheque', 'CFR', 4, '2017-10-16', 2000),
(19, 'Cheque', 'TYR', 4, '2017-10-16', 6700),
(20, 'Cash', 'YUTRE', 4, '2017-10-16', 2000),
(21, 'Cash', 'DRT', 4, '2017-10-16', 650),
(22, 'Postal Order', 'EWS', 4, '2017-10-16', 6000),
(23, 'Cash', 'YUTR', 4, '2017-10-16', 10000),
(24, 'Cash', 'UYT', 4, '2017-10-16', 4000),
(27, 'Cash', 'OUTR', 4, '2017-10-16', 3600),
(28, 'Cash', 'WER', 4, '2017-10-16', 3500),
(29, 'Cash', 'WASD', 4, '2017-10-16', 500),
(30, 'Cash', 'YTR', 4, '2017-10-16', 6000),
(32, 'Cash', 'TYBH', 4, '2017-10-16', 2000),
(33, 'Cash', 'AQWE', 4, '2017-10-16', 6000),
(34, 'Cash', 'WERT', 4, '2017-10-16', 500),
(36, 'Cash', 'tyu', 5, '2017-10-17', 10001000),
(37, 'Cash', '254', 1, '2017-10-18', 3000);

-- --------------------------------------------------------

--
-- Table structure for table `genderset`
--

CREATE TABLE `genderset` (
  `gender_id` int(11) NOT NULL,
  `gendername` varchar(20) NOT NULL
) ENGINE=MyISAM DEFAULT CHARSET=latin1;

--
-- Dumping data for table `genderset`
--

INSERT INTO `genderset` (`gender_id`, `gendername`) VALUES
(1, 'Male'),
(2, 'Female');

-- --------------------------------------------------------

--
-- Table structure for table `intake`
--

CREATE TABLE `intake` (
  `intake_id` int(11) NOT NULL,
  `intakename` varchar(50) CHARACTER SET latin1 NOT NULL
) ENGINE=InnoDB DEFAULT CHARSET=utf8;

--
-- Dumping data for table `intake`
--

INSERT INTO `intake` (`intake_id`, `intakename`) VALUES
(1, 'JAN2017'),
(2, 'MARCH2017'),
(3, 'MAY2017'),
(4, 'SEPTEMBER2017');

-- --------------------------------------------------------

--
-- Table structure for table `marks`
--

CREATE TABLE `marks` (
  `student_id` int(11) NOT NULL,
  `course_id` int(11) NOT NULL,
  `term` varchar(50) CHARACTER SET latin1 NOT NULL,
  `year` int(11) NOT NULL,
  `exam_series` varchar(50) CHARACTER SET latin1 NOT NULL,
  `maths` int(11) NOT NULL,
  `english` int(11) NOT NULL,
  `kiswahili` int(11) NOT NULL,
  `social_studies` int(11) NOT NULL,
  `science` int(11) NOT NULL,
  `average` int(11) NOT NULL
) ENGINE=InnoDB DEFAULT CHARSET=utf8;

--
-- Dumping data for table `marks`
--

INSERT INTO `marks` (`student_id`, `course_id`, `term`, `year`, `exam_series`, `maths`, `english`, `kiswahili`, `social_studies`, `science`, `average`) VALUES
(1, 1, 'Term 1', 2017, 'End Term', 30, 61, 73, 54, 12, 46),
(1, 1, 'Term 2', 2017, 'End Term', 32, 37, 38, 14, 12, 27),
(1, 1, 'Term 3', 2017, 'End Term', 56, 99, 86, 45, 54, 68),
(1, 4, 'Term 1', 2017, 'End Term', 56, 68, 41, 42, 65, 54),
(2, 1, 'Term 1', 2017, 'End Term', 65, 49, 50, 54, 12, 49),
(2, 4, 'Term 1', 2017, 'End Term', 56, 49, 78, 65, 45, 59),
(5, 2, 'Term 1', 2017, 'End Term', 23, 53, 53, 86, 69, 57),
(5, 4, 'Term 1', 2017, 'End Term', 47, 62, 76, 78, 89, 70);

-- --------------------------------------------------------

--
-- Table structure for table `parents`
--

CREATE TABLE `parents` (
  `student_id` int(11) NOT NULL,
  `psirname` varchar(50) CHARACTER SET latin1 NOT NULL,
  `pfirstname` varchar(50) CHARACTER SET latin1 NOT NULL,
  `plastname` varchar(50) CHARACTER SET latin1 NOT NULL,
  `pmobile` varchar(20) CHARACTER SET latin1 NOT NULL,
  `prelationship` varchar(50) CHARACTER SET latin1 NOT NULL
) ENGINE=InnoDB DEFAULT CHARSET=utf8;

--
-- Dumping data for table `parents`
--

INSERT INTO `parents` (`student_id`, `psirname`, `pfirstname`, `plastname`, `pmobile`, `prelationship`) VALUES
(1, 'james', 'kinuthia', 'mburu', '0745789658', 'father'),
(2, 'roseline', 'kimeju', 'KAMANU', '07458978', 'mother'),
(3, 'james', 'katiba', 'zovi', '074569856', 'father'),
(4, 'Njoroge', 'James', 'Wamatangi', '0702456985', 'Father'),
(5, 'kanesa', 'Joy', 'Njoroge', '0702774030', 'mother'),
(6, 'jane', 'mukami', 'muthui', '074589856', 'mother'),
(7, 'mucheru', 'adrew', 'karenge', '0702458956', 'brother'),
(8, 'anthony', 'kirago', 'kimani', '5478555', 'cousin'),
(9, 'kihenjo', 'kamanu', 'muthii', '0745878565', 'father'),
(10, 'otiso', 'nyabesu', 'ken', '0725789654', 'father'),
(11, 'anthony', 'musembi', 'ogwaro', '0745896500', 'father'),
(12, 'anthony', 'mugo', 'mugure', '0725478565', 'father');

-- --------------------------------------------------------

--
-- Table structure for table `staff`
--

CREATE TABLE `staff` (
  `staff_id` int(11) NOT NULL,
  `sirname` varchar(50) CHARACTER SET latin1 NOT NULL,
  `firstname` varchar(50) CHARACTER SET latin1 NOT NULL,
  `lastname` varchar(50) CHARACTER SET latin1 NOT NULL,
  `idno` varchar(50) CHARACTER SET latin1 NOT NULL,
  `dateofbirth` varchar(50) CHARACTER SET latin1 NOT NULL,
  `gender` varchar(10) CHARACTER SET latin1 NOT NULL,
  `country_id` int(20) NOT NULL,
  `county_id` int(50) NOT NULL,
  `constituency_id` int(50) NOT NULL,
  `mobile` varchar(50) CHARACTER SET latin1 NOT NULL,
  `email` varchar(50) CHARACTER SET latin1 NOT NULL,
  `address` varchar(50) CHARACTER SET latin1 NOT NULL,
  `zipcode` varchar(50) CHARACTER SET latin1 NOT NULL,
  `doa` varchar(50) NOT NULL,
  `kra` varchar(50) NOT NULL,
  `nssf` varchar(50) CHARACTER SET latin1 NOT NULL,
  `nhif` varchar(11) NOT NULL,
  `roles` varchar(100) NOT NULL,
  `department_id` int(11) NOT NULL
) ENGINE=InnoDB DEFAULT CHARSET=utf8;

--
-- Dumping data for table `staff`
--

INSERT INTO `staff` (`staff_id`, `sirname`, `firstname`, `lastname`, `idno`, `dateofbirth`, `gender`, `country_id`, `county_id`, `constituency_id`, `mobile`, `email`, `address`, `zipcode`, `doa`, `kra`, `nssf`, `nhif`, `roles`, `department_id`) VALUES
(1, 'john', 'muthama', 'muteti', '27923474', '1990-01-01', 'male', 299, 13, 113, '0729734768', 'johnmuthama38@gmail.com', '732', '00232', '2014-11-10', 'A2545865000T', '458965', '33254585', 'admin, tutor                                                                    ', 2);

-- --------------------------------------------------------

--
-- Table structure for table `studentstable`
--

CREATE TABLE `studentstable` (
  `student_id` int(11) NOT NULL,
  `sirname` varchar(50) CHARACTER SET latin1 NOT NULL,
  `firstname` varchar(50) CHARACTER SET latin1 NOT NULL,
  `lastname` varchar(50) CHARACTER SET latin1 NOT NULL,
  `idno` varchar(50) CHARACTER SET latin1 NOT NULL,
  `dateofbirth` varchar(50) CHARACTER SET latin1 NOT NULL,
  `gender` varchar(10) CHARACTER SET latin1 NOT NULL,
  `country_id` int(20) NOT NULL,
  `county_id` int(50) NOT NULL,
  `constituency_id` int(50) NOT NULL,
  `mobile` varchar(50) CHARACTER SET latin1 NOT NULL,
  `email` varchar(50) CHARACTER SET latin1 NOT NULL,
  `address` varchar(50) CHARACTER SET latin1 NOT NULL,
  `zipcode` varchar(50) CHARACTER SET latin1 NOT NULL,
  `course_id` int(50) NOT NULL,
  `intake_id` int(10) NOT NULL,
  `reg_date` varchar(50) CHARACTER SET latin1 NOT NULL,
  `feepayable` int(11) NOT NULL
) ENGINE=InnoDB DEFAULT CHARSET=utf8;

--
-- Dumping data for table `studentstable`
--

INSERT INTO `studentstable` (`student_id`, `sirname`, `firstname`, `lastname`, `idno`, `dateofbirth`, `gender`, `country_id`, `county_id`, `constituency_id`, `mobile`, `email`, `address`, `zipcode`, `course_id`, `intake_id`, `reg_date`, `feepayable`) VALUES
(1, 'roseline', 'wambui', 'kamau', '89099878', '1996-03-02', 'Female', 299, 13, 206, '798563214', 'johnmuthama38@gmail.com', '589', '100', 4, 1, '2017-10-13', 5000),
(2, 'kinuthia', 'peninah', 'wanjiru', '896532', '', 'Female', 299, 13, 113, '745326326', 'aberdareinstitute14@gmail.com', '154', '232', 4, 1, '2017-10-17', 5000),
(3, 'alex', 'kahiga', 'muchina', '5698745', '01-01-90', 'male', 299, 13, 113, '705236524', 'jmuthama78@yhaoo.com', '205', '200', 4, 1, '01-01-98', 2000),
(4, 'Njoroge', 'Joy', 'Gathoni', '54875456', '1990-02-01', 'Female', 299, 13, 113, '702777624', 'johnmuthamap@gmail.com', '1254', '232', 4, 4, '2017-10-12', 100000),
(5, 'kanesa', 'Margret', 'muhunyoku', '31900129', '2002-12-31', 'Female', 299, 18, 21, '0722147820', 'kanesam@gmail.com', '676', '012000', 4, 1, '2017-10-17', 30000),
(6, 'Anita ', 'mukami', 'ndegwa', '56987456', '1990-12-08', 'Female', 299, 1, 1, '0745896523', 'anita@gmail.com', '789', '0013', 4, 1, '2017-01-01', 20000),
(7, 'james', 'mbugua', 'mucheru', '87458965', '2003-01-01', 'Male', 299, 1, 1, '0748569585', 'james@mbugua.hotmail', '8978', '0023', 4, 1, '2017-10-01', 20000),
(8, 'evann', 'maina', 'kirago', '6587451', '1990-05-02', 'Male', 299, 1, 1, '0745865852', 'kirago@gmail.com', '56854', '0100', 4, 1, '1990-01-01', 20000),
(9, 'andrew', 'kanyeki', 'kihenjo', '8965458', '1992-01-01', 'Male', 299, 1, 1, '0725125333', 'kijenjo234@gmail.com', '458', '0012', 4, 1, '2017-10-05', 20000),
(10, 'jenifer', 'okeri', 'otiso', '5685455', '1998-06-05', 'Female', 0, 1, 1, '0745896585', 'jenifer@gmail.com', '4587456', '0252', 4, 1, '2017-09-01', 20000),
(11, 'jecinta', 'wanjiru', 'kamande', '87458956', '1992-01-06', 'Female', 299, 1, 1, '0712458798', 'janef89@gmail.com', '6565', '0100', 4, 1, '1990-06-05', 20000),
(12, 'mathew', 'kimaru', 'mugo', '78965458', '1990-08-01', 'Male', 299, 1, 1, '076589856', 'mathew@gmail.com', '458745', '0200', 4, 1, '2017-05-02', 20000);

-- --------------------------------------------------------

--
-- Table structure for table `term`
--

CREATE TABLE `term` (
  `term_id` int(11) NOT NULL,
  `termname` varchar(50) CHARACTER SET latin1 NOT NULL
) ENGINE=InnoDB DEFAULT CHARSET=utf8;

--
-- Dumping data for table `term`
--

INSERT INTO `term` (`term_id`, `termname`) VALUES
(1, 'Term 1'),
(2, 'Term 2'),
(3, 'Term 3');

-- --------------------------------------------------------

--
-- Table structure for table `trial`
--

CREATE TABLE `trial` (
  `idno` int(50) NOT NULL,
  `fname` varchar(50) NOT NULL,
  `lname` varchar(50) NOT NULL,
  `salary` int(11) NOT NULL
) ENGINE=MyISAM DEFAULT CHARSET=latin1;

--
-- Dumping data for table `trial`
--

INSERT INTO `trial` (`idno`, `fname`, `lname`, `salary`) VALUES
(1, 'john', 'muthama', 100000),
(2, 'naomi', 'njoroge', 70000);

--
-- Indexes for dumped tables
--

--
-- Indexes for table `activity_log`
--
ALTER TABLE `activity_log`
  ADD PRIMARY KEY (`activity_log_id`);

--
-- Indexes for table `admin`
--
ALTER TABLE `admin`
  ADD PRIMARY KEY (`admin_id`);

--
-- Indexes for table `alumni`
--
ALTER TABLE `alumni`
  ADD PRIMARY KEY (`student_id`),
  ADD UNIQUE KEY `mobile` (`mobile`) USING BTREE,
  ADD UNIQUE KEY `email_2` (`email`),
  ADD KEY `email` (`email`),
  ADD KEY `course_id` (`course_id`) USING BTREE,
  ADD KEY `course_id_2` (`course_id`),
  ADD KEY `county_id` (`county_id`),
  ADD KEY `constituency_id` (`constituency_id`),
  ADD KEY `intake_id` (`intake_id`);

--
-- Indexes for table `companyinfo`
--
ALTER TABLE `companyinfo`
  ADD PRIMARY KEY (`auto`);

--
-- Indexes for table `constituency`
--
ALTER TABLE `constituency`
  ADD PRIMARY KEY (`constituency_id`),
  ADD KEY `county_id` (`county_id`);

--
-- Indexes for table `counties`
--
ALTER TABLE `counties`
  ADD PRIMARY KEY (`county_id`);

--
-- Indexes for table `countries`
--
ALTER TABLE `countries`
  ADD PRIMARY KEY (`country_id`);

--
-- Indexes for table `course`
--
ALTER TABLE `course`
  ADD PRIMARY KEY (`course_id`),
  ADD UNIQUE KEY `coursename` (`coursename`),
  ADD KEY `department_id` (`department_id`);

--
-- Indexes for table `deletedstudents`
--
ALTER TABLE `deletedstudents`
  ADD PRIMARY KEY (`student_id`);

--
-- Indexes for table `departments`
--
ALTER TABLE `departments`
  ADD PRIMARY KEY (`department_id`),
  ADD UNIQUE KEY `departmentname` (`departmentname`);

--
-- Indexes for table `discount`
--
ALTER TABLE `discount`
  ADD PRIMARY KEY (`dis_id`);

--
-- Indexes for table `fee`
--
ALTER TABLE `fee`
  ADD PRIMARY KEY (`reciept`),
  ADD UNIQUE KEY `refno` (`refno`),
  ADD KEY `student_id` (`student_id`);

--
-- Indexes for table `genderset`
--
ALTER TABLE `genderset`
  ADD PRIMARY KEY (`gender_id`);

--
-- Indexes for table `intake`
--
ALTER TABLE `intake`
  ADD PRIMARY KEY (`intake_id`);

--
-- Indexes for table `marks`
--
ALTER TABLE `marks`
  ADD UNIQUE KEY `student_id_2` (`student_id`,`course_id`,`term`,`year`,`exam_series`),
  ADD KEY `course_id` (`course_id`),
  ADD KEY `student_id` (`student_id`);

--
-- Indexes for table `parents`
--
ALTER TABLE `parents`
  ADD PRIMARY KEY (`student_id`);

--
-- Indexes for table `staff`
--
ALTER TABLE `staff`
  ADD PRIMARY KEY (`staff_id`),
  ADD UNIQUE KEY `mobile` (`mobile`) USING BTREE,
  ADD UNIQUE KEY `email_2` (`email`),
  ADD UNIQUE KEY `kra` (`kra`),
  ADD UNIQUE KEY `nssf` (`nssf`),
  ADD UNIQUE KEY `nhif` (`nhif`),
  ADD KEY `email` (`email`),
  ADD KEY `county_id` (`county_id`),
  ADD KEY `constituency_id` (`constituency_id`),
  ADD KEY `intake_id` (`kra`),
  ADD KEY `department_id` (`department_id`);

--
-- Indexes for table `studentstable`
--
ALTER TABLE `studentstable`
  ADD PRIMARY KEY (`student_id`),
  ADD UNIQUE KEY `mobile` (`mobile`) USING BTREE,
  ADD UNIQUE KEY `email_2` (`email`),
  ADD KEY `email` (`email`),
  ADD KEY `course_id` (`course_id`) USING BTREE,
  ADD KEY `course_id_2` (`course_id`),
  ADD KEY `county_id` (`county_id`),
  ADD KEY `constituency_id` (`constituency_id`),
  ADD KEY `intake_id` (`intake_id`);

--
-- Indexes for table `term`
--
ALTER TABLE `term`
  ADD PRIMARY KEY (`term_id`);

--
-- AUTO_INCREMENT for dumped tables
--

--
-- AUTO_INCREMENT for table `activity_log`
--
ALTER TABLE `activity_log`
  MODIFY `activity_log_id` int(11) NOT NULL AUTO_INCREMENT, AUTO_INCREMENT=7;
--
-- AUTO_INCREMENT for table `admin`
--
ALTER TABLE `admin`
  MODIFY `admin_id` int(128) NOT NULL AUTO_INCREMENT, AUTO_INCREMENT=35;
--
-- AUTO_INCREMENT for table `alumni`
--
ALTER TABLE `alumni`
  MODIFY `student_id` int(11) NOT NULL AUTO_INCREMENT;
--
-- AUTO_INCREMENT for table `companyinfo`
--
ALTER TABLE `companyinfo`
  MODIFY `auto` int(11) NOT NULL AUTO_INCREMENT, AUTO_INCREMENT=2;
--
-- AUTO_INCREMENT for table `constituency`
--
ALTER TABLE `constituency`
  MODIFY `constituency_id` int(11) NOT NULL AUTO_INCREMENT, AUTO_INCREMENT=289;
--
-- AUTO_INCREMENT for table `counties`
--
ALTER TABLE `counties`
  MODIFY `county_id` int(11) NOT NULL AUTO_INCREMENT, AUTO_INCREMENT=48;
--
-- AUTO_INCREMENT for table `countries`
--
ALTER TABLE `countries`
  MODIFY `country_id` int(11) NOT NULL AUTO_INCREMENT, AUTO_INCREMENT=411;
--
-- AUTO_INCREMENT for table `course`
--
ALTER TABLE `course`
  MODIFY `course_id` int(50) NOT NULL AUTO_INCREMENT, AUTO_INCREMENT=6;
--
-- AUTO_INCREMENT for table `deletedstudents`
--
ALTER TABLE `deletedstudents`
  MODIFY `student_id` int(11) NOT NULL AUTO_INCREMENT;
--
-- AUTO_INCREMENT for table `departments`
--
ALTER TABLE `departments`
  MODIFY `department_id` int(11) NOT NULL AUTO_INCREMENT, AUTO_INCREMENT=5;
--
-- AUTO_INCREMENT for table `discount`
--
ALTER TABLE `discount`
  MODIFY `dis_id` int(11) NOT NULL AUTO_INCREMENT, AUTO_INCREMENT=12;
--
-- AUTO_INCREMENT for table `fee`
--
ALTER TABLE `fee`
  MODIFY `reciept` int(11) NOT NULL AUTO_INCREMENT, AUTO_INCREMENT=38;
--
-- AUTO_INCREMENT for table `genderset`
--
ALTER TABLE `genderset`
  MODIFY `gender_id` int(11) NOT NULL AUTO_INCREMENT, AUTO_INCREMENT=3;
--
-- AUTO_INCREMENT for table `intake`
--
ALTER TABLE `intake`
  MODIFY `intake_id` int(11) NOT NULL AUTO_INCREMENT, AUTO_INCREMENT=5;
--
-- AUTO_INCREMENT for table `parents`
--
ALTER TABLE `parents`
  MODIFY `student_id` int(11) NOT NULL AUTO_INCREMENT, AUTO_INCREMENT=13;
--
-- AUTO_INCREMENT for table `staff`
--
ALTER TABLE `staff`
  MODIFY `staff_id` int(11) NOT NULL AUTO_INCREMENT, AUTO_INCREMENT=2;
--
-- AUTO_INCREMENT for table `studentstable`
--
ALTER TABLE `studentstable`
  MODIFY `student_id` int(11) NOT NULL AUTO_INCREMENT, AUTO_INCREMENT=13;
--
-- AUTO_INCREMENT for table `term`
--
ALTER TABLE `term`
  MODIFY `term_id` int(11) NOT NULL AUTO_INCREMENT, AUTO_INCREMENT=4;
--
-- Constraints for dumped tables
--

--
-- Constraints for table `constituency`
--
ALTER TABLE `constituency`
  ADD CONSTRAINT `constituency_ibfk_1` FOREIGN KEY (`county_id`) REFERENCES `counties` (`county_id`) ON UPDATE CASCADE;

--
-- Constraints for table `course`
--
ALTER TABLE `course`
  ADD CONSTRAINT `course_ibfk_1` FOREIGN KEY (`department_id`) REFERENCES `departments` (`department_id`) ON UPDATE CASCADE;

--
-- Constraints for table `fee`
--
ALTER TABLE `fee`
  ADD CONSTRAINT `fee_ibfk_1` FOREIGN KEY (`student_id`) REFERENCES `studentstable` (`student_id`) ON UPDATE CASCADE;

--
-- Constraints for table `marks`
--
ALTER TABLE `marks`
  ADD CONSTRAINT `marks_ibfk_1` FOREIGN KEY (`student_id`) REFERENCES `studentstable` (`student_id`) ON UPDATE CASCADE,
  ADD CONSTRAINT `marks_ibfk_2` FOREIGN KEY (`course_id`) REFERENCES `course` (`course_id`) ON UPDATE CASCADE;

--
-- Constraints for table `parents`
--
ALTER TABLE `parents`
  ADD CONSTRAINT `parents_ibfk_1` FOREIGN KEY (`student_id`) REFERENCES `studentstable` (`student_id`) ON UPDATE CASCADE;

--
-- Constraints for table `staff`
--
ALTER TABLE `staff`
  ADD CONSTRAINT `staff_ibfk_1` FOREIGN KEY (`department_id`) REFERENCES `departments` (`department_id`) ON UPDATE CASCADE,
  ADD CONSTRAINT `staff_ibfk_2` FOREIGN KEY (`constituency_id`) REFERENCES `constituency` (`constituency_id`) ON UPDATE CASCADE,
  ADD CONSTRAINT `staff_ibfk_3` FOREIGN KEY (`county_id`) REFERENCES `counties` (`county_id`) ON UPDATE CASCADE;

--
-- Constraints for table `studentstable`
--
ALTER TABLE `studentstable`
  ADD CONSTRAINT `studentstable_ibfk_1` FOREIGN KEY (`constituency_id`) REFERENCES `constituency` (`constituency_id`) ON DELETE NO ACTION ON UPDATE NO ACTION,
  ADD CONSTRAINT `studentstable_ibfk_2` FOREIGN KEY (`county_id`) REFERENCES `counties` (`county_id`) ON DELETE NO ACTION ON UPDATE NO ACTION,
  ADD CONSTRAINT `studentstable_ibfk_3` FOREIGN KEY (`course_id`) REFERENCES `course` (`course_id`) ON DELETE NO ACTION ON UPDATE NO ACTION,
  ADD CONSTRAINT `studentstable_ibfk_4` FOREIGN KEY (`intake_id`) REFERENCES `intake` (`intake_id`) ON DELETE NO ACTION ON UPDATE NO ACTION;

/*!40101 SET CHARACTER_SET_CLIENT=@OLD_CHARACTER_SET_CLIENT */;
/*!40101 SET CHARACTER_SET_RESULTS=@OLD_CHARACTER_SET_RESULTS */;
/*!40101 SET COLLATION_CONNECTION=@OLD_COLLATION_CONNECTION */;
